Id;Topic;Min Type;Min Value;Max Type;Max Value;Type;Unit;Current Type;Current Value;Column1
INSTALL_MODE;device/status/BidCoS-RF/0/INSTALL_MODE;FALSE;FALSE;TRUE;TRUE;BOOL;;FALSE;FALSE;
LEVEL;device/status/BidCoS-RF/1/LEVEL;Number;0;Number;1;FLOAT;1;Number;0;
PRESS_LONG;device/status/BidCoS-RF/1/PRESS_LONG;FALSE;FALSE;TRUE;TRUE;ACTION;;FALSE;FALSE;
PRESS_SHORT;device/status/BidCoS-RF/1/PRESS_SHORT;FALSE;FALSE;TRUE;TRUE;ACTION;;FALSE;FALSE;
LEVEL;device/status/BidCoS-RF/10/LEVEL;Number;0;Number;1;FLOAT;1;Number;0;
PRESS_LONG;device/status/BidCoS-RF/10/PRESS_LONG;FALSE;FALSE;TRUE;TRUE;ACTION;;FALSE;FALSE;
PRESS_SHORT;device/status/BidCoS-RF/10/PRESS_SHORT;FALSE;FALSE;TRUE;TRUE;ACTION;;FALSE;FALSE;
LEVEL;device/status/BidCoS-RF/11/LEVEL;Number;0;Number;1;FLOAT;1;Number;0;
PRESS_LONG;device/status/BidCoS-RF/11/PRESS_LONG;FALSE;FALSE;TRUE;TRUE;ACTION;;FALSE;FALSE;
PRESS_SHORT;device/status/BidCoS-RF/11/PRESS_SHORT;FALSE;FALSE;TRUE;TRUE;ACTION;;FALSE;FALSE;
LEVEL;device/status/BidCoS-RF/12/LEVEL;Number;0;Number;1;FLOAT;1;Number;0;
PRESS_LONG;device/status/BidCoS-RF/12/PRESS_LONG;FALSE;FALSE;TRUE;TRUE;ACTION;;FALSE;FALSE;
PRESS_SHORT;device/status/BidCoS-RF/12/PRESS_SHORT;FALSE;FALSE;TRUE;TRUE;ACTION;;FALSE;FALSE;
LEVEL;device/status/BidCoS-RF/13/LEVEL;Number;0;Number;1;FLOAT;1;Number;0;
PRESS_LONG;device/status/BidCoS-RF/13/PRESS_LONG;FALSE;FALSE;TRUE;TRUE;ACTION;;FALSE;FALSE;
PRESS_SHORT;device/status/BidCoS-RF/13/PRESS_SHORT;FALSE;FALSE;TRUE;TRUE;ACTION;;FALSE;FALSE;
LEVEL;device/status/BidCoS-RF/14/LEVEL;Number;0;Number;1;FLOAT;1;Number;0;
PRESS_LONG;device/status/BidCoS-RF/14/PRESS_LONG;FALSE;FALSE;TRUE;TRUE;ACTION;;FALSE;FALSE;
PRESS_SHORT;device/status/BidCoS-RF/14/PRESS_SHORT;FALSE;FALSE;TRUE;TRUE;ACTION;;FALSE;FALSE;
LEVEL;device/status/BidCoS-RF/15/LEVEL;Number;0;Number;1;FLOAT;1;Number;0;
PRESS_LONG;device/status/BidCoS-RF/15/PRESS_LONG;FALSE;FALSE;TRUE;TRUE;ACTION;;FALSE;FALSE;
PRESS_SHORT;device/status/BidCoS-RF/15/PRESS_SHORT;FALSE;FALSE;TRUE;TRUE;ACTION;;FALSE;FALSE;
LEVEL;device/status/BidCoS-RF/16/LEVEL;Number;0;Number;1;FLOAT;1;Number;0;
PRESS_LONG;device/status/BidCoS-RF/16/PRESS_LONG;FALSE;FALSE;TRUE;TRUE;ACTION;;FALSE;FALSE;
PRESS_SHORT;device/status/BidCoS-RF/16/PRESS_SHORT;FALSE;FALSE;TRUE;TRUE;ACTION;;FALSE;FALSE;
LEVEL;device/status/BidCoS-RF/17/LEVEL;Number;0;Number;1;FLOAT;1;Number;0;
PRESS_LONG;device/status/BidCoS-RF/17/PRESS_LONG;FALSE;FALSE;TRUE;TRUE;ACTION;;FALSE;FALSE;
PRESS_SHORT;device/status/BidCoS-RF/17/PRESS_SHORT;FALSE;FALSE;TRUE;TRUE;ACTION;;FALSE;FALSE;
LEVEL;device/status/BidCoS-RF/18/LEVEL;Number;0;Number;1;FLOAT;1;Number;0;
PRESS_LONG;device/status/BidCoS-RF/18/PRESS_LONG;FALSE;FALSE;TRUE;TRUE;ACTION;;FALSE;FALSE;
PRESS_SHORT;device/status/BidCoS-RF/18/PRESS_SHORT;FALSE;FALSE;TRUE;TRUE;ACTION;;FALSE;FALSE;
LEVEL;device/status/BidCoS-RF/19/LEVEL;Number;0;Number;1;FLOAT;1;Number;0;
PRESS_LONG;device/status/BidCoS-RF/19/PRESS_LONG;FALSE;FALSE;TRUE;TRUE;ACTION;;FALSE;FALSE;
PRESS_SHORT;device/status/BidCoS-RF/19/PRESS_SHORT;FALSE;FALSE;TRUE;TRUE;ACTION;;FALSE;FALSE;
LEVEL;device/status/BidCoS-RF/2/LEVEL;Number;0;Number;1;FLOAT;1;Number;0;
PRESS_LONG;device/status/BidCoS-RF/2/PRESS_LONG;FALSE;FALSE;TRUE;TRUE;ACTION;;FALSE;FALSE;
PRESS_SHORT;device/status/BidCoS-RF/2/PRESS_SHORT;FALSE;FALSE;TRUE;TRUE;ACTION;;FALSE;FALSE;
LEVEL;device/status/BidCoS-RF/20/LEVEL;Number;0;Number;1;FLOAT;1;Number;0;
PRESS_LONG;device/status/BidCoS-RF/20/PRESS_LONG;FALSE;FALSE;TRUE;TRUE;ACTION;;FALSE;FALSE;
PRESS_SHORT;device/status/BidCoS-RF/20/PRESS_SHORT;FALSE;FALSE;TRUE;TRUE;ACTION;;FALSE;FALSE;
LEVEL;device/status/BidCoS-RF/21/LEVEL;Number;0;Number;1;FLOAT;1;Number;0;
PRESS_LONG;device/status/BidCoS-RF/21/PRESS_LONG;FALSE;FALSE;TRUE;TRUE;ACTION;;FALSE;FALSE;
PRESS_SHORT;device/status/BidCoS-RF/21/PRESS_SHORT;FALSE;FALSE;TRUE;TRUE;ACTION;;FALSE;FALSE;
LEVEL;device/status/BidCoS-RF/22/LEVEL;Number;0;Number;1;FLOAT;1;Number;0;
PRESS_LONG;device/status/BidCoS-RF/22/PRESS_LONG;FALSE;FALSE;TRUE;TRUE;ACTION;;FALSE;FALSE;
PRESS_SHORT;device/status/BidCoS-RF/22/PRESS_SHORT;FALSE;FALSE;TRUE;TRUE;ACTION;;FALSE;FALSE;
LEVEL;device/status/BidCoS-RF/23/LEVEL;Number;0;Number;1;FLOAT;1;Number;0;
PRESS_LONG;device/status/BidCoS-RF/23/PRESS_LONG;FALSE;FALSE;TRUE;TRUE;ACTION;;FALSE;FALSE;
PRESS_SHORT;device/status/BidCoS-RF/23/PRESS_SHORT;FALSE;FALSE;TRUE;TRUE;ACTION;;FALSE;FALSE;
LEVEL;device/status/BidCoS-RF/24/LEVEL;Number;0;Number;1;FLOAT;1;Number;0;
PRESS_LONG;device/status/BidCoS-RF/24/PRESS_LONG;FALSE;FALSE;TRUE;TRUE;ACTION;;FALSE;FALSE;
PRESS_SHORT;device/status/BidCoS-RF/24/PRESS_SHORT;FALSE;FALSE;TRUE;TRUE;ACTION;;FALSE;FALSE;
LEVEL;device/status/BidCoS-RF/25/LEVEL;Number;0;Number;1;FLOAT;1;Number;0;
PRESS_LONG;device/status/BidCoS-RF/25/PRESS_LONG;FALSE;FALSE;TRUE;TRUE;ACTION;;FALSE;FALSE;
PRESS_SHORT;device/status/BidCoS-RF/25/PRESS_SHORT;FALSE;FALSE;TRUE;TRUE;ACTION;;FALSE;FALSE;
LEVEL;device/status/BidCoS-RF/26/LEVEL;Number;0;Number;1;FLOAT;1;Number;0;
PRESS_LONG;device/status/BidCoS-RF/26/PRESS_LONG;FALSE;FALSE;TRUE;TRUE;ACTION;;FALSE;FALSE;
PRESS_SHORT;device/status/BidCoS-RF/26/PRESS_SHORT;FALSE;FALSE;TRUE;TRUE;ACTION;;FALSE;FALSE;
LEVEL;device/status/BidCoS-RF/27/LEVEL;Number;0;Number;1;FLOAT;1;Number;0;
PRESS_LONG;device/status/BidCoS-RF/27/PRESS_LONG;FALSE;FALSE;TRUE;TRUE;ACTION;;FALSE;FALSE;
PRESS_SHORT;device/status/BidCoS-RF/27/PRESS_SHORT;FALSE;FALSE;TRUE;TRUE;ACTION;;FALSE;FALSE;
LEVEL;device/status/BidCoS-RF/28/LEVEL;Number;0;Number;1;FLOAT;1;Number;0;
PRESS_LONG;device/status/BidCoS-RF/28/PRESS_LONG;FALSE;FALSE;TRUE;TRUE;ACTION;;FALSE;FALSE;
PRESS_SHORT;device/status/BidCoS-RF/28/PRESS_SHORT;FALSE;FALSE;TRUE;TRUE;ACTION;;FALSE;FALSE;
LEVEL;device/status/BidCoS-RF/29/LEVEL;Number;0;Number;1;FLOAT;1;Number;0;
PRESS_LONG;device/status/BidCoS-RF/29/PRESS_LONG;FALSE;FALSE;TRUE;TRUE;ACTION;;FALSE;FALSE;
PRESS_SHORT;device/status/BidCoS-RF/29/PRESS_SHORT;FALSE;FALSE;TRUE;TRUE;ACTION;;FALSE;FALSE;
LEVEL;device/status/BidCoS-RF/3/LEVEL;Number;0;Number;1;FLOAT;1;Number;0;
PRESS_LONG;device/status/BidCoS-RF/3/PRESS_LONG;FALSE;FALSE;TRUE;TRUE;ACTION;;FALSE;FALSE;
PRESS_SHORT;device/status/BidCoS-RF/3/PRESS_SHORT;FALSE;FALSE;TRUE;TRUE;ACTION;;FALSE;FALSE;
LEVEL;device/status/BidCoS-RF/30/LEVEL;Number;0;Number;1;FLOAT;1;Number;0;
PRESS_LONG;device/status/BidCoS-RF/30/PRESS_LONG;FALSE;FALSE;TRUE;TRUE;ACTION;;FALSE;FALSE;
PRESS_SHORT;device/status/BidCoS-RF/30/PRESS_SHORT;FALSE;FALSE;TRUE;TRUE;ACTION;;FALSE;FALSE;
LEVEL;device/status/BidCoS-RF/31/LEVEL;Number;0;Number;1;FLOAT;1;Number;0;
PRESS_LONG;device/status/BidCoS-RF/31/PRESS_LONG;FALSE;FALSE;TRUE;TRUE;ACTION;;FALSE;FALSE;
PRESS_SHORT;device/status/BidCoS-RF/31/PRESS_SHORT;FALSE;FALSE;TRUE;TRUE;ACTION;;FALSE;FALSE;
LEVEL;device/status/BidCoS-RF/32/LEVEL;Number;0;Number;1;FLOAT;1;Number;0;
PRESS_LONG;device/status/BidCoS-RF/32/PRESS_LONG;FALSE;FALSE;TRUE;TRUE;ACTION;;FALSE;FALSE;
PRESS_SHORT;device/status/BidCoS-RF/32/PRESS_SHORT;FALSE;FALSE;TRUE;TRUE;ACTION;;FALSE;FALSE;
LEVEL;device/status/BidCoS-RF/33/LEVEL;Number;0;Number;1;FLOAT;1;Number;0;
PRESS_LONG;device/status/BidCoS-RF/33/PRESS_LONG;FALSE;FALSE;TRUE;TRUE;ACTION;;FALSE;FALSE;
PRESS_SHORT;device/status/BidCoS-RF/33/PRESS_SHORT;FALSE;FALSE;TRUE;TRUE;ACTION;;FALSE;FALSE;
LEVEL;device/status/BidCoS-RF/34/LEVEL;Number;0;Number;1;FLOAT;1;Number;0;
PRESS_LONG;device/status/BidCoS-RF/34/PRESS_LONG;FALSE;FALSE;TRUE;TRUE;ACTION;;FALSE;FALSE;
PRESS_SHORT;device/status/BidCoS-RF/34/PRESS_SHORT;FALSE;FALSE;TRUE;TRUE;ACTION;;FALSE;FALSE;
LEVEL;device/status/BidCoS-RF/35/LEVEL;Number;0;Number;1;FLOAT;1;Number;0;
PRESS_LONG;device/status/BidCoS-RF/35/PRESS_LONG;FALSE;FALSE;TRUE;TRUE;ACTION;;FALSE;FALSE;
PRESS_SHORT;device/status/BidCoS-RF/35/PRESS_SHORT;FALSE;FALSE;TRUE;TRUE;ACTION;;FALSE;FALSE;
LEVEL;device/status/BidCoS-RF/36/LEVEL;Number;0;Number;1;FLOAT;1;Number;0;
PRESS_LONG;device/status/BidCoS-RF/36/PRESS_LONG;FALSE;FALSE;TRUE;TRUE;ACTION;;FALSE;FALSE;
PRESS_SHORT;device/status/BidCoS-RF/36/PRESS_SHORT;FALSE;FALSE;TRUE;TRUE;ACTION;;FALSE;FALSE;
LEVEL;device/status/BidCoS-RF/37/LEVEL;Number;0;Number;1;FLOAT;1;Number;0;
PRESS_LONG;device/status/BidCoS-RF/37/PRESS_LONG;FALSE;FALSE;TRUE;TRUE;ACTION;;FALSE;FALSE;
PRESS_SHORT;device/status/BidCoS-RF/37/PRESS_SHORT;FALSE;FALSE;TRUE;TRUE;ACTION;;FALSE;FALSE;
LEVEL;device/status/BidCoS-RF/38/LEVEL;Number;0;Number;1;FLOAT;1;Number;0;
PRESS_LONG;device/status/BidCoS-RF/38/PRESS_LONG;FALSE;FALSE;TRUE;TRUE;ACTION;;FALSE;FALSE;
PRESS_SHORT;device/status/BidCoS-RF/38/PRESS_SHORT;FALSE;FALSE;TRUE;TRUE;ACTION;;FALSE;FALSE;
LEVEL;device/status/BidCoS-RF/39/LEVEL;Number;0;Number;1;FLOAT;1;Number;0;
PRESS_LONG;device/status/BidCoS-RF/39/PRESS_LONG;FALSE;FALSE;TRUE;TRUE;ACTION;;FALSE;FALSE;
PRESS_SHORT;device/status/BidCoS-RF/39/PRESS_SHORT;FALSE;FALSE;TRUE;TRUE;ACTION;;FALSE;FALSE;
LEVEL;device/status/BidCoS-RF/4/LEVEL;Number;0;Number;1;FLOAT;1;Number;0;
PRESS_LONG;device/status/BidCoS-RF/4/PRESS_LONG;FALSE;FALSE;TRUE;TRUE;ACTION;;FALSE;FALSE;
PRESS_SHORT;device/status/BidCoS-RF/4/PRESS_SHORT;FALSE;FALSE;TRUE;TRUE;ACTION;;FALSE;FALSE;
LEVEL;device/status/BidCoS-RF/40/LEVEL;Number;0;Number;1;FLOAT;1;Number;0;
PRESS_LONG;device/status/BidCoS-RF/40/PRESS_LONG;FALSE;FALSE;TRUE;TRUE;ACTION;;FALSE;FALSE;
PRESS_SHORT;device/status/BidCoS-RF/40/PRESS_SHORT;FALSE;FALSE;TRUE;TRUE;ACTION;;FALSE;FALSE;
LEVEL;device/status/BidCoS-RF/41/LEVEL;Number;0;Number;1;FLOAT;1;Number;0;
PRESS_LONG;device/status/BidCoS-RF/41/PRESS_LONG;FALSE;FALSE;TRUE;TRUE;ACTION;;FALSE;FALSE;
PRESS_SHORT;device/status/BidCoS-RF/41/PRESS_SHORT;FALSE;FALSE;TRUE;TRUE;ACTION;;FALSE;FALSE;
LEVEL;device/status/BidCoS-RF/42/LEVEL;Number;0;Number;1;FLOAT;1;Number;0;
PRESS_LONG;device/status/BidCoS-RF/42/PRESS_LONG;FALSE;FALSE;TRUE;TRUE;ACTION;;FALSE;FALSE;
PRESS_SHORT;device/status/BidCoS-RF/42/PRESS_SHORT;FALSE;FALSE;TRUE;TRUE;ACTION;;FALSE;FALSE;
LEVEL;device/status/BidCoS-RF/43/LEVEL;Number;0;Number;1;FLOAT;1;Number;0;
PRESS_LONG;device/status/BidCoS-RF/43/PRESS_LONG;FALSE;FALSE;TRUE;TRUE;ACTION;;FALSE;FALSE;
PRESS_SHORT;device/status/BidCoS-RF/43/PRESS_SHORT;FALSE;FALSE;TRUE;TRUE;ACTION;;FALSE;FALSE;
LEVEL;device/status/BidCoS-RF/44/LEVEL;Number;0;Number;1;FLOAT;1;Number;0;
PRESS_LONG;device/status/BidCoS-RF/44/PRESS_LONG;FALSE;FALSE;TRUE;TRUE;ACTION;;FALSE;FALSE;
PRESS_SHORT;device/status/BidCoS-RF/44/PRESS_SHORT;FALSE;FALSE;TRUE;TRUE;ACTION;;FALSE;FALSE;
LEVEL;device/status/BidCoS-RF/45/LEVEL;Number;0;Number;1;FLOAT;1;Number;0;
PRESS_LONG;device/status/BidCoS-RF/45/PRESS_LONG;FALSE;FALSE;TRUE;TRUE;ACTION;;FALSE;FALSE;
PRESS_SHORT;device/status/BidCoS-RF/45/PRESS_SHORT;FALSE;FALSE;TRUE;TRUE;ACTION;;FALSE;FALSE;
LEVEL;device/status/BidCoS-RF/46/LEVEL;Number;0;Number;1;FLOAT;1;Number;0;
PRESS_LONG;device/status/BidCoS-RF/46/PRESS_LONG;FALSE;FALSE;TRUE;TRUE;ACTION;;FALSE;FALSE;
PRESS_SHORT;device/status/BidCoS-RF/46/PRESS_SHORT;FALSE;FALSE;TRUE;TRUE;ACTION;;FALSE;FALSE;
LEVEL;device/status/BidCoS-RF/47/LEVEL;Number;0;Number;1;FLOAT;1;Number;0;
PRESS_LONG;device/status/BidCoS-RF/47/PRESS_LONG;FALSE;FALSE;TRUE;TRUE;ACTION;;FALSE;FALSE;
PRESS_SHORT;device/status/BidCoS-RF/47/PRESS_SHORT;FALSE;FALSE;TRUE;TRUE;ACTION;;FALSE;FALSE;
LEVEL;device/status/BidCoS-RF/48/LEVEL;Number;0;Number;1;FLOAT;1;Number;0;
PRESS_LONG;device/status/BidCoS-RF/48/PRESS_LONG;FALSE;FALSE;TRUE;TRUE;ACTION;;FALSE;FALSE;
PRESS_SHORT;device/status/BidCoS-RF/48/PRESS_SHORT;FALSE;FALSE;TRUE;TRUE;ACTION;;FALSE;FALSE;
LEVEL;device/status/BidCoS-RF/49/LEVEL;Number;0;Number;1;FLOAT;1;Number;0;
PRESS_LONG;device/status/BidCoS-RF/49/PRESS_LONG;FALSE;FALSE;TRUE;TRUE;ACTION;;FALSE;FALSE;
PRESS_SHORT;device/status/BidCoS-RF/49/PRESS_SHORT;FALSE;FALSE;TRUE;TRUE;ACTION;;FALSE;FALSE;
LEVEL;device/status/BidCoS-RF/5/LEVEL;Number;0;Number;1;FLOAT;1;Number;0;
PRESS_LONG;device/status/BidCoS-RF/5/PRESS_LONG;FALSE;FALSE;TRUE;TRUE;ACTION;;FALSE;FALSE;
PRESS_SHORT;device/status/BidCoS-RF/5/PRESS_SHORT;FALSE;FALSE;TRUE;TRUE;ACTION;;FALSE;FALSE;
LEVEL;device/status/BidCoS-RF/50/LEVEL;Number;0;Number;1;FLOAT;1;Number;0;
PRESS_LONG;device/status/BidCoS-RF/50/PRESS_LONG;FALSE;FALSE;TRUE;TRUE;ACTION;;FALSE;FALSE;
PRESS_SHORT;device/status/BidCoS-RF/50/PRESS_SHORT;FALSE;FALSE;TRUE;TRUE;ACTION;;FALSE;FALSE;
LEVEL;device/status/BidCoS-RF/6/LEVEL;Number;0;Number;1;FLOAT;1;Number;0;
PRESS_LONG;device/status/BidCoS-RF/6/PRESS_LONG;FALSE;FALSE;TRUE;TRUE;ACTION;;FALSE;FALSE;
PRESS_SHORT;device/status/BidCoS-RF/6/PRESS_SHORT;FALSE;FALSE;TRUE;TRUE;ACTION;;FALSE;FALSE;
LEVEL;device/status/BidCoS-RF/7/LEVEL;Number;0;Number;1;FLOAT;1;Number;0;
PRESS_LONG;device/status/BidCoS-RF/7/PRESS_LONG;FALSE;FALSE;TRUE;TRUE;ACTION;;FALSE;FALSE;
PRESS_SHORT;device/status/BidCoS-RF/7/PRESS_SHORT;FALSE;FALSE;TRUE;TRUE;ACTION;;FALSE;FALSE;
LEVEL;device/status/BidCoS-RF/8/LEVEL;Number;0;Number;1;FLOAT;1;Number;0;
PRESS_LONG;device/status/BidCoS-RF/8/PRESS_LONG;FALSE;FALSE;TRUE;TRUE;ACTION;;FALSE;FALSE;
PRESS_SHORT;device/status/BidCoS-RF/8/PRESS_SHORT;FALSE;FALSE;TRUE;TRUE;ACTION;;FALSE;FALSE;
LEVEL;device/status/BidCoS-RF/9/LEVEL;Number;0;Number;1;FLOAT;1;Number;0;
PRESS_LONG;device/status/BidCoS-RF/9/PRESS_LONG;FALSE;FALSE;TRUE;TRUE;ACTION;;FALSE;FALSE;
PRESS_SHORT;device/status/BidCoS-RF/9/PRESS_SHORT;FALSE;FALSE;TRUE;TRUE;ACTION;;FALSE;FALSE;
PRESS_LONG;device/status/HmIP-RCV-1/1/PRESS_LONG;FALSE;FALSE;TRUE;TRUE;ACTION;;FALSE;FALSE;
PRESS_SHORT;device/status/HmIP-RCV-1/1/PRESS_SHORT;FALSE;FALSE;TRUE;TRUE;ACTION;;FALSE;FALSE;
PRESS_LONG;device/status/HmIP-RCV-1/10/PRESS_LONG;FALSE;FALSE;TRUE;TRUE;ACTION;;FALSE;FALSE;
PRESS_SHORT;device/status/HmIP-RCV-1/10/PRESS_SHORT;FALSE;FALSE;TRUE;TRUE;ACTION;;FALSE;FALSE;
PRESS_LONG;device/status/HmIP-RCV-1/11/PRESS_LONG;FALSE;FALSE;TRUE;TRUE;ACTION;;FALSE;FALSE;
PRESS_SHORT;device/status/HmIP-RCV-1/11/PRESS_SHORT;FALSE;FALSE;TRUE;TRUE;ACTION;;FALSE;FALSE;
PRESS_LONG;device/status/HmIP-RCV-1/12/PRESS_LONG;FALSE;FALSE;TRUE;TRUE;ACTION;;FALSE;FALSE;
PRESS_SHORT;device/status/HmIP-RCV-1/12/PRESS_SHORT;FALSE;FALSE;TRUE;TRUE;ACTION;;FALSE;FALSE;
PRESS_LONG;device/status/HmIP-RCV-1/13/PRESS_LONG;FALSE;FALSE;TRUE;TRUE;ACTION;;FALSE;FALSE;
PRESS_SHORT;device/status/HmIP-RCV-1/13/PRESS_SHORT;FALSE;FALSE;TRUE;TRUE;ACTION;;FALSE;FALSE;
PRESS_LONG;device/status/HmIP-RCV-1/14/PRESS_LONG;FALSE;FALSE;TRUE;TRUE;ACTION;;FALSE;FALSE;
PRESS_SHORT;device/status/HmIP-RCV-1/14/PRESS_SHORT;FALSE;FALSE;TRUE;TRUE;ACTION;;FALSE;FALSE;
PRESS_LONG;device/status/HmIP-RCV-1/15/PRESS_LONG;FALSE;FALSE;TRUE;TRUE;ACTION;;FALSE;FALSE;
PRESS_SHORT;device/status/HmIP-RCV-1/15/PRESS_SHORT;FALSE;FALSE;TRUE;TRUE;ACTION;;FALSE;FALSE;
PRESS_LONG;device/status/HmIP-RCV-1/16/PRESS_LONG;FALSE;FALSE;TRUE;TRUE;ACTION;;FALSE;FALSE;
PRESS_SHORT;device/status/HmIP-RCV-1/16/PRESS_SHORT;FALSE;FALSE;TRUE;TRUE;ACTION;;FALSE;FALSE;
PRESS_LONG;device/status/HmIP-RCV-1/17/PRESS_LONG;FALSE;FALSE;TRUE;TRUE;ACTION;;FALSE;FALSE;
PRESS_SHORT;device/status/HmIP-RCV-1/17/PRESS_SHORT;FALSE;FALSE;TRUE;TRUE;ACTION;;FALSE;FALSE;
PRESS_LONG;device/status/HmIP-RCV-1/18/PRESS_LONG;FALSE;FALSE;TRUE;TRUE;ACTION;;FALSE;FALSE;
PRESS_SHORT;device/status/HmIP-RCV-1/18/PRESS_SHORT;FALSE;FALSE;TRUE;TRUE;ACTION;;FALSE;FALSE;
PRESS_LONG;device/status/HmIP-RCV-1/19/PRESS_LONG;FALSE;FALSE;TRUE;TRUE;ACTION;;FALSE;FALSE;
PRESS_SHORT;device/status/HmIP-RCV-1/19/PRESS_SHORT;FALSE;FALSE;TRUE;TRUE;ACTION;;FALSE;FALSE;
PRESS_LONG;device/status/HmIP-RCV-1/2/PRESS_LONG;FALSE;FALSE;TRUE;TRUE;ACTION;;FALSE;FALSE;
PRESS_SHORT;device/status/HmIP-RCV-1/2/PRESS_SHORT;FALSE;FALSE;TRUE;TRUE;ACTION;;FALSE;FALSE;
PRESS_LONG;device/status/HmIP-RCV-1/20/PRESS_LONG;FALSE;FALSE;TRUE;TRUE;ACTION;;FALSE;FALSE;
PRESS_SHORT;device/status/HmIP-RCV-1/20/PRESS_SHORT;FALSE;FALSE;TRUE;TRUE;ACTION;;FALSE;FALSE;
PRESS_LONG;device/status/HmIP-RCV-1/21/PRESS_LONG;FALSE;FALSE;TRUE;TRUE;ACTION;;FALSE;FALSE;
PRESS_SHORT;device/status/HmIP-RCV-1/21/PRESS_SHORT;FALSE;FALSE;TRUE;TRUE;ACTION;;FALSE;FALSE;
PRESS_LONG;device/status/HmIP-RCV-1/22/PRESS_LONG;FALSE;FALSE;TRUE;TRUE;ACTION;;FALSE;FALSE;
PRESS_SHORT;device/status/HmIP-RCV-1/22/PRESS_SHORT;FALSE;FALSE;TRUE;TRUE;ACTION;;FALSE;FALSE;
PRESS_LONG;device/status/HmIP-RCV-1/23/PRESS_LONG;FALSE;FALSE;TRUE;TRUE;ACTION;;FALSE;FALSE;
PRESS_SHORT;device/status/HmIP-RCV-1/23/PRESS_SHORT;FALSE;FALSE;TRUE;TRUE;ACTION;;FALSE;FALSE;
PRESS_LONG;device/status/HmIP-RCV-1/24/PRESS_LONG;FALSE;FALSE;TRUE;TRUE;ACTION;;FALSE;FALSE;
PRESS_SHORT;device/status/HmIP-RCV-1/24/PRESS_SHORT;FALSE;FALSE;TRUE;TRUE;ACTION;;FALSE;FALSE;
PRESS_LONG;device/status/HmIP-RCV-1/25/PRESS_LONG;FALSE;FALSE;TRUE;TRUE;ACTION;;FALSE;FALSE;
PRESS_SHORT;device/status/HmIP-RCV-1/25/PRESS_SHORT;FALSE;FALSE;TRUE;TRUE;ACTION;;FALSE;FALSE;
PRESS_LONG;device/status/HmIP-RCV-1/26/PRESS_LONG;FALSE;FALSE;TRUE;TRUE;ACTION;;FALSE;FALSE;
PRESS_SHORT;device/status/HmIP-RCV-1/26/PRESS_SHORT;FALSE;FALSE;TRUE;TRUE;ACTION;;FALSE;FALSE;
PRESS_LONG;device/status/HmIP-RCV-1/27/PRESS_LONG;FALSE;FALSE;TRUE;TRUE;ACTION;;FALSE;FALSE;
PRESS_SHORT;device/status/HmIP-RCV-1/27/PRESS_SHORT;FALSE;FALSE;TRUE;TRUE;ACTION;;FALSE;FALSE;
PRESS_LONG;device/status/HmIP-RCV-1/28/PRESS_LONG;FALSE;FALSE;TRUE;TRUE;ACTION;;FALSE;FALSE;
PRESS_SHORT;device/status/HmIP-RCV-1/28/PRESS_SHORT;FALSE;FALSE;TRUE;TRUE;ACTION;;FALSE;FALSE;
PRESS_LONG;device/status/HmIP-RCV-1/29/PRESS_LONG;FALSE;FALSE;TRUE;TRUE;ACTION;;FALSE;FALSE;
PRESS_SHORT;device/status/HmIP-RCV-1/29/PRESS_SHORT;FALSE;FALSE;TRUE;TRUE;ACTION;;FALSE;FALSE;
PRESS_LONG;device/status/HmIP-RCV-1/3/PRESS_LONG;FALSE;FALSE;TRUE;TRUE;ACTION;;FALSE;FALSE;
PRESS_SHORT;device/status/HmIP-RCV-1/3/PRESS_SHORT;FALSE;FALSE;TRUE;TRUE;ACTION;;FALSE;FALSE;
PRESS_LONG;device/status/HmIP-RCV-1/30/PRESS_LONG;FALSE;FALSE;TRUE;TRUE;ACTION;;FALSE;FALSE;
PRESS_SHORT;device/status/HmIP-RCV-1/30/PRESS_SHORT;FALSE;FALSE;TRUE;TRUE;ACTION;;FALSE;FALSE;
PRESS_LONG;device/status/HmIP-RCV-1/31/PRESS_LONG;FALSE;FALSE;TRUE;TRUE;ACTION;;FALSE;FALSE;
PRESS_SHORT;device/status/HmIP-RCV-1/31/PRESS_SHORT;FALSE;FALSE;TRUE;TRUE;ACTION;;FALSE;FALSE;
PRESS_LONG;device/status/HmIP-RCV-1/32/PRESS_LONG;FALSE;FALSE;TRUE;TRUE;ACTION;;FALSE;FALSE;
PRESS_SHORT;device/status/HmIP-RCV-1/32/PRESS_SHORT;FALSE;FALSE;TRUE;TRUE;ACTION;;FALSE;FALSE;
PRESS_LONG;device/status/HmIP-RCV-1/33/PRESS_LONG;FALSE;FALSE;TRUE;TRUE;ACTION;;FALSE;FALSE;
PRESS_SHORT;device/status/HmIP-RCV-1/33/PRESS_SHORT;FALSE;FALSE;TRUE;TRUE;ACTION;;FALSE;FALSE;
PRESS_LONG;device/status/HmIP-RCV-1/34/PRESS_LONG;FALSE;FALSE;TRUE;TRUE;ACTION;;FALSE;FALSE;
PRESS_SHORT;device/status/HmIP-RCV-1/34/PRESS_SHORT;FALSE;FALSE;TRUE;TRUE;ACTION;;FALSE;FALSE;
PRESS_LONG;device/status/HmIP-RCV-1/35/PRESS_LONG;FALSE;FALSE;TRUE;TRUE;ACTION;;FALSE;FALSE;
PRESS_SHORT;device/status/HmIP-RCV-1/35/PRESS_SHORT;FALSE;FALSE;TRUE;TRUE;ACTION;;FALSE;FALSE;
PRESS_LONG;device/status/HmIP-RCV-1/36/PRESS_LONG;FALSE;FALSE;TRUE;TRUE;ACTION;;FALSE;FALSE;
PRESS_SHORT;device/status/HmIP-RCV-1/36/PRESS_SHORT;FALSE;FALSE;TRUE;TRUE;ACTION;;FALSE;FALSE;
PRESS_LONG;device/status/HmIP-RCV-1/37/PRESS_LONG;FALSE;FALSE;TRUE;TRUE;ACTION;;FALSE;FALSE;
PRESS_SHORT;device/status/HmIP-RCV-1/37/PRESS_SHORT;FALSE;FALSE;TRUE;TRUE;ACTION;;FALSE;FALSE;
PRESS_LONG;device/status/HmIP-RCV-1/38/PRESS_LONG;FALSE;FALSE;TRUE;TRUE;ACTION;;FALSE;FALSE;
PRESS_SHORT;device/status/HmIP-RCV-1/38/PRESS_SHORT;FALSE;FALSE;TRUE;TRUE;ACTION;;FALSE;FALSE;
PRESS_LONG;device/status/HmIP-RCV-1/39/PRESS_LONG;FALSE;FALSE;TRUE;TRUE;ACTION;;FALSE;FALSE;
PRESS_SHORT;device/status/HmIP-RCV-1/39/PRESS_SHORT;FALSE;FALSE;TRUE;TRUE;ACTION;;FALSE;FALSE;
PRESS_LONG;device/status/HmIP-RCV-1/4/PRESS_LONG;FALSE;FALSE;TRUE;TRUE;ACTION;;FALSE;FALSE;
PRESS_SHORT;device/status/HmIP-RCV-1/4/PRESS_SHORT;FALSE;FALSE;TRUE;TRUE;ACTION;;FALSE;FALSE;
PRESS_LONG;device/status/HmIP-RCV-1/40/PRESS_LONG;FALSE;FALSE;TRUE;TRUE;ACTION;;FALSE;FALSE;
PRESS_SHORT;device/status/HmIP-RCV-1/40/PRESS_SHORT;FALSE;FALSE;TRUE;TRUE;ACTION;;FALSE;FALSE;
PRESS_LONG;device/status/HmIP-RCV-1/41/PRESS_LONG;FALSE;FALSE;TRUE;TRUE;ACTION;;FALSE;FALSE;
PRESS_SHORT;device/status/HmIP-RCV-1/41/PRESS_SHORT;FALSE;FALSE;TRUE;TRUE;ACTION;;FALSE;FALSE;
PRESS_LONG;device/status/HmIP-RCV-1/42/PRESS_LONG;FALSE;FALSE;TRUE;TRUE;ACTION;;FALSE;FALSE;
PRESS_SHORT;device/status/HmIP-RCV-1/42/PRESS_SHORT;FALSE;FALSE;TRUE;TRUE;ACTION;;FALSE;FALSE;
PRESS_LONG;device/status/HmIP-RCV-1/43/PRESS_LONG;FALSE;FALSE;TRUE;TRUE;ACTION;;FALSE;FALSE;
PRESS_SHORT;device/status/HmIP-RCV-1/43/PRESS_SHORT;FALSE;FALSE;TRUE;TRUE;ACTION;;FALSE;FALSE;
PRESS_LONG;device/status/HmIP-RCV-1/44/PRESS_LONG;FALSE;FALSE;TRUE;TRUE;ACTION;;FALSE;FALSE;
PRESS_SHORT;device/status/HmIP-RCV-1/44/PRESS_SHORT;FALSE;FALSE;TRUE;TRUE;ACTION;;FALSE;FALSE;
PRESS_LONG;device/status/HmIP-RCV-1/45/PRESS_LONG;FALSE;FALSE;TRUE;TRUE;ACTION;;FALSE;FALSE;
PRESS_SHORT;device/status/HmIP-RCV-1/45/PRESS_SHORT;FALSE;FALSE;TRUE;TRUE;ACTION;;FALSE;FALSE;
PRESS_LONG;device/status/HmIP-RCV-1/46/PRESS_LONG;FALSE;FALSE;TRUE;TRUE;ACTION;;FALSE;FALSE;
PRESS_SHORT;device/status/HmIP-RCV-1/46/PRESS_SHORT;FALSE;FALSE;TRUE;TRUE;ACTION;;FALSE;FALSE;
PRESS_LONG;device/status/HmIP-RCV-1/47/PRESS_LONG;FALSE;FALSE;TRUE;TRUE;ACTION;;FALSE;FALSE;
PRESS_SHORT;device/status/HmIP-RCV-1/47/PRESS_SHORT;FALSE;FALSE;TRUE;TRUE;ACTION;;FALSE;FALSE;
PRESS_LONG;device/status/HmIP-RCV-1/48/PRESS_LONG;FALSE;FALSE;TRUE;TRUE;ACTION;;FALSE;FALSE;
PRESS_SHORT;device/status/HmIP-RCV-1/48/PRESS_SHORT;FALSE;FALSE;TRUE;TRUE;ACTION;;FALSE;FALSE;
PRESS_LONG;device/status/HmIP-RCV-1/49/PRESS_LONG;FALSE;FALSE;TRUE;TRUE;ACTION;;FALSE;FALSE;
PRESS_SHORT;device/status/HmIP-RCV-1/49/PRESS_SHORT;FALSE;FALSE;TRUE;TRUE;ACTION;;FALSE;FALSE;
PRESS_LONG;device/status/HmIP-RCV-1/5/PRESS_LONG;FALSE;FALSE;TRUE;TRUE;ACTION;;FALSE;FALSE;
PRESS_SHORT;device/status/HmIP-RCV-1/5/PRESS_SHORT;FALSE;FALSE;TRUE;TRUE;ACTION;;FALSE;FALSE;
PRESS_LONG;device/status/HmIP-RCV-1/50/PRESS_LONG;FALSE;FALSE;TRUE;TRUE;ACTION;;FALSE;FALSE;
PRESS_SHORT;device/status/HmIP-RCV-1/50/PRESS_SHORT;FALSE;FALSE;TRUE;TRUE;ACTION;;FALSE;FALSE;
PRESS_LONG;device/status/HmIP-RCV-1/6/PRESS_LONG;FALSE;FALSE;TRUE;TRUE;ACTION;;FALSE;FALSE;
PRESS_SHORT;device/status/HmIP-RCV-1/6/PRESS_SHORT;FALSE;FALSE;TRUE;TRUE;ACTION;;FALSE;FALSE;
PRESS_LONG;device/status/HmIP-RCV-1/7/PRESS_LONG;FALSE;FALSE;TRUE;TRUE;ACTION;;FALSE;FALSE;
PRESS_SHORT;device/status/HmIP-RCV-1/7/PRESS_SHORT;FALSE;FALSE;TRUE;TRUE;ACTION;;FALSE;FALSE;
PRESS_LONG;device/status/HmIP-RCV-1/8/PRESS_LONG;FALSE;FALSE;TRUE;TRUE;ACTION;;FALSE;FALSE;
PRESS_SHORT;device/status/HmIP-RCV-1/8/PRESS_SHORT;FALSE;FALSE;TRUE;TRUE;ACTION;;FALSE;FALSE;
PRESS_LONG;device/status/HmIP-RCV-1/9/PRESS_LONG;FALSE;FALSE;TRUE;TRUE;ACTION;;FALSE;FALSE;
PRESS_SHORT;device/status/HmIP-RCV-1/9/PRESS_SHORT;FALSE;FALSE;TRUE;TRUE;ACTION;;FALSE;FALSE;
AES_KEY;device/status/MEQ0816772/0/AES_KEY;Number;0;Number;127;INTEGER;;Number;0;
CONFIG_PENDING;device/status/MEQ0816772/0/CONFIG_PENDING;FALSE;FALSE;TRUE;TRUE;BOOL;;FALSE;FALSE;
DEVICE_IN_BOOTLOADER;device/status/MEQ0816772/0/DEVICE_IN_BOOTLOADER;FALSE;FALSE;TRUE;TRUE;BOOL;;FALSE;FALSE;
LOWBAT;device/status/MEQ0816772/0/LOWBAT;FALSE;FALSE;TRUE;TRUE;BOOL;;FALSE;FALSE;
RSSI_DEVICE;device/status/MEQ0816772/0/RSSI_DEVICE;Number;-2147483648;Number;2147483647;INTEGER;;Number;1;
RSSI_PEER;device/status/MEQ0816772/0/RSSI_PEER;Number;-2147483648;Number;2147483647;INTEGER;;Number;1;
STICKY_UNREACH;device/status/MEQ0816772/0/STICKY_UNREACH;FALSE;FALSE;TRUE;TRUE;BOOL;;TRUE;TRUE;
UNREACH;device/status/MEQ0816772/0/UNREACH;FALSE;FALSE;TRUE;TRUE;BOOL;;FALSE;FALSE;
UPDATE_PENDING;device/status/MEQ0816772/0/UPDATE_PENDING;FALSE;FALSE;TRUE;TRUE;BOOL;;FALSE;FALSE;
ERROR;device/status/MEQ0816772/1/ERROR;Number;0;Number;7;ENUM;;Number;0;
INSTALL_TEST;device/status/MEQ0816772/1/INSTALL_TEST;FALSE;FALSE;TRUE;TRUE;ACTION;;FALSE;FALSE;
LOWBAT;device/status/MEQ0816772/1/LOWBAT;FALSE;FALSE;TRUE;TRUE;BOOL;;FALSE;FALSE;
STATE;device/status/MEQ0816772/1/STATE;FALSE;FALSE;TRUE;TRUE;BOOL;;TRUE;TRUE;
AES_KEY;device/status/MEQ0816838/0/AES_KEY;Number;0;Number;127;INTEGER;;Number;0;
CONFIG_PENDING;device/status/MEQ0816838/0/CONFIG_PENDING;FALSE;FALSE;TRUE;TRUE;BOOL;;FALSE;FALSE;
DEVICE_IN_BOOTLOADER;device/status/MEQ0816838/0/DEVICE_IN_BOOTLOADER;FALSE;FALSE;TRUE;TRUE;BOOL;;FALSE;FALSE;
LOWBAT;device/status/MEQ0816838/0/LOWBAT;FALSE;FALSE;TRUE;TRUE;BOOL;;FALSE;FALSE;
RSSI_DEVICE;device/status/MEQ0816838/0/RSSI_DEVICE;Number;-2147483648;Number;2147483647;INTEGER;;Number;1;
RSSI_PEER;device/status/MEQ0816838/0/RSSI_PEER;Number;-2147483648;Number;2147483647;INTEGER;;Number;201;
STICKY_UNREACH;device/status/MEQ0816838/0/STICKY_UNREACH;FALSE;FALSE;TRUE;TRUE;BOOL;;TRUE;TRUE;
UNREACH;device/status/MEQ0816838/0/UNREACH;FALSE;FALSE;TRUE;TRUE;BOOL;;FALSE;FALSE;
UPDATE_PENDING;device/status/MEQ0816838/0/UPDATE_PENDING;FALSE;FALSE;TRUE;TRUE;BOOL;;FALSE;FALSE;
ERROR;device/status/MEQ0816838/1/ERROR;Number;0;Number;7;ENUM;;Number;0;
INSTALL_TEST;device/status/MEQ0816838/1/INSTALL_TEST;FALSE;FALSE;TRUE;TRUE;ACTION;;FALSE;FALSE;
LOWBAT;device/status/MEQ0816838/1/LOWBAT;FALSE;FALSE;TRUE;TRUE;BOOL;;FALSE;FALSE;
STATE;device/status/MEQ0816838/1/STATE;FALSE;FALSE;TRUE;TRUE;BOOL;;FALSE;FALSE;
AES_KEY;device/status/MEQ0816896/0/AES_KEY;Number;0;Number;127;INTEGER;;Number;0;
CONFIG_PENDING;device/status/MEQ0816896/0/CONFIG_PENDING;FALSE;FALSE;TRUE;TRUE;BOOL;;FALSE;FALSE;
DEVICE_IN_BOOTLOADER;device/status/MEQ0816896/0/DEVICE_IN_BOOTLOADER;FALSE;FALSE;TRUE;TRUE;BOOL;;FALSE;FALSE;
LOWBAT;device/status/MEQ0816896/0/LOWBAT;FALSE;FALSE;TRUE;TRUE;BOOL;;FALSE;FALSE;
RSSI_DEVICE;device/status/MEQ0816896/0/RSSI_DEVICE;Number;-2147483648;Number;2147483647;INTEGER;;Number;1;
RSSI_PEER;device/status/MEQ0816896/0/RSSI_PEER;Number;-2147483648;Number;2147483647;INTEGER;;Number;190;
STICKY_UNREACH;device/status/MEQ0816896/0/STICKY_UNREACH;FALSE;FALSE;TRUE;TRUE;BOOL;;TRUE;TRUE;
UNREACH;device/status/MEQ0816896/0/UNREACH;FALSE;FALSE;TRUE;TRUE;BOOL;;FALSE;FALSE;
UPDATE_PENDING;device/status/MEQ0816896/0/UPDATE_PENDING;FALSE;FALSE;TRUE;TRUE;BOOL;;FALSE;FALSE;
ERROR;device/status/MEQ0816896/1/ERROR;Number;0;Number;7;ENUM;;Number;0;
INSTALL_TEST;device/status/MEQ0816896/1/INSTALL_TEST;FALSE;FALSE;TRUE;TRUE;ACTION;;FALSE;FALSE;
LOWBAT;device/status/MEQ0816896/1/LOWBAT;FALSE;FALSE;TRUE;TRUE;BOOL;;FALSE;FALSE;
STATE;device/status/MEQ0816896/1/STATE;FALSE;FALSE;TRUE;TRUE;BOOL;;FALSE;FALSE;
AES_KEY;device/status/MEQ0861769/0/AES_KEY;Number;0;Number;127;INTEGER;;Number;0;
CONFIG_PENDING;device/status/MEQ0861769/0/CONFIG_PENDING;FALSE;FALSE;TRUE;TRUE;BOOL;;FALSE;FALSE;
DEVICE_IN_BOOTLOADER;device/status/MEQ0861769/0/DEVICE_IN_BOOTLOADER;FALSE;FALSE;TRUE;TRUE;BOOL;;FALSE;FALSE;
INHIBIT;device/status/MEQ0861769/0/INHIBIT;FALSE;FALSE;TRUE;TRUE;BOOL;;FALSE;FALSE;
LOWBAT;device/status/MEQ0861769/0/LOWBAT;FALSE;FALSE;TRUE;TRUE;BOOL;;FALSE;FALSE;
RSSI_DEVICE;device/status/MEQ0861769/0/RSSI_DEVICE;Number;-2147483648;Number;2147483647;INTEGER;;Number;1;
RSSI_PEER;device/status/MEQ0861769/0/RSSI_PEER;Number;-2147483648;Number;2147483647;INTEGER;;Number;181;
STICKY_UNREACH;device/status/MEQ0861769/0/STICKY_UNREACH;FALSE;FALSE;TRUE;TRUE;BOOL;;TRUE;TRUE;
UNREACH;device/status/MEQ0861769/0/UNREACH;FALSE;FALSE;TRUE;TRUE;BOOL;;FALSE;FALSE;
UPDATE_PENDING;device/status/MEQ0861769/0/UPDATE_PENDING;FALSE;FALSE;TRUE;TRUE;BOOL;;FALSE;FALSE;
HUMIDITY;device/status/MEQ0861769/1/HUMIDITY;Number;0;Number;99;INTEGER;%;Number;67;
TEMPERATURE;device/status/MEQ0861769/1/TEMPERATURE;Number;-10;Number;50;FLOAT;°C;Number;45071;
ACTUAL_HUMIDITY;device/status/MEQ0861769/2/ACTUAL_HUMIDITY;Number;0;Number;99;FLOAT;%;Number;68;
ACTUAL_TEMPERATURE;device/status/MEQ0861769/2/ACTUAL_TEMPERATURE;Number;-10;Number;50;FLOAT;°C;Number;45071;
AUTO_MODE;device/status/MEQ0861769/2/AUTO_MODE;FALSE;FALSE;TRUE;TRUE;ACTION;;FALSE;FALSE;
BATTERY_STATE;device/status/MEQ0861769/2/BATTERY_STATE;Number;45047;Number;45081;FLOAT;V;Number;45018;
BOOST_MODE;device/status/MEQ0861769/2/BOOST_MODE;FALSE;FALSE;TRUE;TRUE;ACTION;;FALSE;FALSE;
BOOST_STATE;device/status/MEQ0861769/2/BOOST_STATE;Number;0;Number;30;INTEGER;min;Number;0;
COMFORT_MODE;device/status/MEQ0861769/2/COMFORT_MODE;FALSE;FALSE;TRUE;TRUE;ACTION;;FALSE;FALSE;
COMMUNICATION_REPORTING;device/status/MEQ0861769/2/COMMUNICATION_REPORTING;FALSE;FALSE;TRUE;TRUE;BOOL;;FALSE;FALSE;
CONTROL_MODE;device/status/MEQ0861769/2/CONTROL_MODE;Number;0;Number;3;ENUM;;Number;1;
LOWBAT_REPORTING;device/status/MEQ0861769/2/LOWBAT_REPORTING;FALSE;FALSE;TRUE;TRUE;BOOL;;FALSE;FALSE;
LOWERING_MODE;device/status/MEQ0861769/2/LOWERING_MODE;FALSE;FALSE;TRUE;TRUE;ACTION;;FALSE;FALSE;
MANU_MODE;device/status/MEQ0861769/2/MANU_MODE;Number;45050;Number;45076;FLOAT;°C;Number;0;
PARTY_MODE_SUBMIT;device/status/MEQ0861769/2/PARTY_MODE_SUBMIT;String;;String;;STRING;;String;;
PARTY_START_DAY;device/status/MEQ0861769/2/PARTY_START_DAY;Number;1;Number;31;INTEGER;day;Number;1;
PARTY_START_MONTH;device/status/MEQ0861769/2/PARTY_START_MONTH;Number;1;Number;12;INTEGER;month;Number;1;
PARTY_START_TIME;device/status/MEQ0861769/2/PARTY_START_TIME;Number;0;Number;1410;INTEGER;minutes;Number;0;
PARTY_START_YEAR;device/status/MEQ0861769/2/PARTY_START_YEAR;Number;0;Number;99;INTEGER;year;Number;0;
PARTY_STOP_DAY;device/status/MEQ0861769/2/PARTY_STOP_DAY;Number;1;Number;31;INTEGER;day;Number;1;
PARTY_STOP_MONTH;device/status/MEQ0861769/2/PARTY_STOP_MONTH;Number;1;Number;12;INTEGER;month;Number;1;
PARTY_STOP_TIME;device/status/MEQ0861769/2/PARTY_STOP_TIME;Number;0;Number;1410;INTEGER;minutes;Number;0;
PARTY_STOP_YEAR;device/status/MEQ0861769/2/PARTY_STOP_YEAR;Number;0;Number;99;INTEGER;year;Number;0;
PARTY_TEMPERATURE;device/status/MEQ0861769/2/PARTY_TEMPERATURE;Number;5;Number;30;FLOAT;°C;Number;5;
SET_TEMPERATURE;device/status/MEQ0861769/2/SET_TEMPERATURE;Number;45050;Number;45076;FLOAT;°C;Number;45065;
WINDOW_OPEN_REPORTING;device/status/MEQ0861769/2/WINDOW_OPEN_REPORTING;FALSE;FALSE;TRUE;TRUE;BOOL;;FALSE;FALSE;
DECISION_VALUE;device/status/MEQ0861769/7/DECISION_VALUE;Number;0;Number;255;INTEGER;;Number;0;
AES_KEY;device/status/MEQ0862181/0/AES_KEY;Number;0;Number;127;INTEGER;;Number;0;
CONFIG_PENDING;device/status/MEQ0862181/0/CONFIG_PENDING;FALSE;FALSE;TRUE;TRUE;BOOL;;FALSE;FALSE;
DEVICE_IN_BOOTLOADER;device/status/MEQ0862181/0/DEVICE_IN_BOOTLOADER;FALSE;FALSE;TRUE;TRUE;BOOL;;FALSE;FALSE;
INHIBIT;device/status/MEQ0862181/0/INHIBIT;FALSE;FALSE;TRUE;TRUE;BOOL;;FALSE;FALSE;
LOWBAT;device/status/MEQ0862181/0/LOWBAT;FALSE;FALSE;TRUE;TRUE;BOOL;;TRUE;TRUE;
RSSI_DEVICE;device/status/MEQ0862181/0/RSSI_DEVICE;Number;-2147483648;Number;2147483647;INTEGER;;Number;1;
RSSI_PEER;device/status/MEQ0862181/0/RSSI_PEER;Number;-2147483648;Number;2147483647;INTEGER;;Number;190;
STICKY_UNREACH;device/status/MEQ0862181/0/STICKY_UNREACH;FALSE;FALSE;TRUE;TRUE;BOOL;;TRUE;TRUE;
UNREACH;device/status/MEQ0862181/0/UNREACH;FALSE;FALSE;TRUE;TRUE;BOOL;;TRUE;TRUE;
UPDATE_PENDING;device/status/MEQ0862181/0/UPDATE_PENDING;FALSE;FALSE;TRUE;TRUE;BOOL;;FALSE;FALSE;
HUMIDITY;device/status/MEQ0862181/1/HUMIDITY;Number;0;Number;99;INTEGER;%;Number;50;
TEMPERATURE;device/status/MEQ0862181/1/TEMPERATURE;Number;-10;Number;50;FLOAT;°C;Number;45161;
ACTUAL_HUMIDITY;device/status/MEQ0862181/2/ACTUAL_HUMIDITY;Number;0;Number;99;FLOAT;%;Number;50;
ACTUAL_TEMPERATURE;device/status/MEQ0862181/2/ACTUAL_TEMPERATURE;Number;-10;Number;50;FLOAT;°C;Number;45161;
AUTO_MODE;device/status/MEQ0862181/2/AUTO_MODE;FALSE;FALSE;TRUE;TRUE;ACTION;;FALSE;FALSE;
BATTERY_STATE;device/status/MEQ0862181/2/BATTERY_STATE;Number;45047;Number;45081;FLOAT;V;Number;45048;
BOOST_MODE;device/status/MEQ0862181/2/BOOST_MODE;FALSE;FALSE;TRUE;TRUE;ACTION;;FALSE;FALSE;
BOOST_STATE;device/status/MEQ0862181/2/BOOST_STATE;Number;0;Number;30;INTEGER;min;Number;0;
COMFORT_MODE;device/status/MEQ0862181/2/COMFORT_MODE;FALSE;FALSE;TRUE;TRUE;ACTION;;FALSE;FALSE;
COMMUNICATION_REPORTING;device/status/MEQ0862181/2/COMMUNICATION_REPORTING;FALSE;FALSE;TRUE;TRUE;BOOL;;FALSE;FALSE;
CONTROL_MODE;device/status/MEQ0862181/2/CONTROL_MODE;Number;0;Number;3;ENUM;;Number;0;
LOWBAT_REPORTING;device/status/MEQ0862181/2/LOWBAT_REPORTING;FALSE;FALSE;TRUE;TRUE;BOOL;;FALSE;FALSE;
LOWERING_MODE;device/status/MEQ0862181/2/LOWERING_MODE;FALSE;FALSE;TRUE;TRUE;ACTION;;FALSE;FALSE;
MANU_MODE;device/status/MEQ0862181/2/MANU_MODE;Number;45050;Number;45076;FLOAT;°C;Number;0;
PARTY_MODE_SUBMIT;device/status/MEQ0862181/2/PARTY_MODE_SUBMIT;String;;String;;STRING;;String;;
PARTY_START_DAY;device/status/MEQ0862181/2/PARTY_START_DAY;Number;1;Number;31;INTEGER;day;Number;1;
PARTY_START_MONTH;device/status/MEQ0862181/2/PARTY_START_MONTH;Number;1;Number;12;INTEGER;month;Number;1;
PARTY_START_TIME;device/status/MEQ0862181/2/PARTY_START_TIME;Number;0;Number;1410;INTEGER;minutes;Number;0;
PARTY_START_YEAR;device/status/MEQ0862181/2/PARTY_START_YEAR;Number;0;Number;99;INTEGER;year;Number;0;
PARTY_STOP_DAY;device/status/MEQ0862181/2/PARTY_STOP_DAY;Number;1;Number;31;INTEGER;day;Number;1;
PARTY_STOP_MONTH;device/status/MEQ0862181/2/PARTY_STOP_MONTH;Number;1;Number;12;INTEGER;month;Number;1;
PARTY_STOP_TIME;device/status/MEQ0862181/2/PARTY_STOP_TIME;Number;0;Number;1410;INTEGER;minutes;Number;0;
PARTY_STOP_YEAR;device/status/MEQ0862181/2/PARTY_STOP_YEAR;Number;0;Number;99;INTEGER;year;Number;0;
PARTY_TEMPERATURE;device/status/MEQ0862181/2/PARTY_TEMPERATURE;Number;5;Number;30;FLOAT;°C;Number;5;
SET_TEMPERATURE;device/status/MEQ0862181/2/SET_TEMPERATURE;Number;45050;Number;45076;FLOAT;°C;Number;21;
WINDOW_OPEN_REPORTING;device/status/MEQ0862181/2/WINDOW_OPEN_REPORTING;FALSE;FALSE;TRUE;TRUE;BOOL;;FALSE;FALSE;
DECISION_VALUE;device/status/MEQ0862181/7/DECISION_VALUE;Number;0;Number;255;INTEGER;;Number;0;
AES_KEY;device/status/MEQ0862221/0/AES_KEY;Number;0;Number;127;INTEGER;;Number;0;
CONFIG_PENDING;device/status/MEQ0862221/0/CONFIG_PENDING;FALSE;FALSE;TRUE;TRUE;BOOL;;FALSE;FALSE;
DEVICE_IN_BOOTLOADER;device/status/MEQ0862221/0/DEVICE_IN_BOOTLOADER;FALSE;FALSE;TRUE;TRUE;BOOL;;FALSE;FALSE;
INHIBIT;device/status/MEQ0862221/0/INHIBIT;FALSE;FALSE;TRUE;TRUE;BOOL;;FALSE;FALSE;
LOWBAT;device/status/MEQ0862221/0/LOWBAT;FALSE;FALSE;TRUE;TRUE;BOOL;;FALSE;FALSE;
RSSI_DEVICE;device/status/MEQ0862221/0/RSSI_DEVICE;Number;-2147483648;Number;2147483647;INTEGER;;Number;1;
RSSI_PEER;device/status/MEQ0862221/0/RSSI_PEER;Number;-2147483648;Number;2147483647;INTEGER;;Number;200;
STICKY_UNREACH;device/status/MEQ0862221/0/STICKY_UNREACH;FALSE;FALSE;TRUE;TRUE;BOOL;;TRUE;TRUE;
UNREACH;device/status/MEQ0862221/0/UNREACH;FALSE;FALSE;TRUE;TRUE;BOOL;;TRUE;TRUE;
UPDATE_PENDING;device/status/MEQ0862221/0/UPDATE_PENDING;FALSE;FALSE;TRUE;TRUE;BOOL;;FALSE;FALSE;
HUMIDITY;device/status/MEQ0862221/1/HUMIDITY;Number;0;Number;99;INTEGER;%;Number;54;
TEMPERATURE;device/status/MEQ0862221/1/TEMPERATURE;Number;-10;Number;50;FLOAT;°C;Number;44946;
ACTUAL_HUMIDITY;device/status/MEQ0862221/2/ACTUAL_HUMIDITY;Number;0;Number;99;FLOAT;%;Number;55;
ACTUAL_TEMPERATURE;device/status/MEQ0862221/2/ACTUAL_TEMPERATURE;Number;-10;Number;50;FLOAT;°C;Number;44946;
AUTO_MODE;device/status/MEQ0862221/2/AUTO_MODE;FALSE;FALSE;TRUE;TRUE;ACTION;;FALSE;FALSE;
BATTERY_STATE;device/status/MEQ0862221/2/BATTERY_STATE;Number;45047;Number;45081;FLOAT;V;Number;45018;
BOOST_MODE;device/status/MEQ0862221/2/BOOST_MODE;FALSE;FALSE;TRUE;TRUE;ACTION;;FALSE;FALSE;
BOOST_STATE;device/status/MEQ0862221/2/BOOST_STATE;Number;0;Number;30;INTEGER;min;Number;0;
COMFORT_MODE;device/status/MEQ0862221/2/COMFORT_MODE;FALSE;FALSE;TRUE;TRUE;ACTION;;FALSE;FALSE;
COMMUNICATION_REPORTING;device/status/MEQ0862221/2/COMMUNICATION_REPORTING;FALSE;FALSE;TRUE;TRUE;BOOL;;FALSE;FALSE;
CONTROL_MODE;device/status/MEQ0862221/2/CONTROL_MODE;Number;0;Number;3;ENUM;;Number;0;
LOWBAT_REPORTING;device/status/MEQ0862221/2/LOWBAT_REPORTING;FALSE;FALSE;TRUE;TRUE;BOOL;;FALSE;FALSE;
LOWERING_MODE;device/status/MEQ0862221/2/LOWERING_MODE;FALSE;FALSE;TRUE;TRUE;ACTION;;FALSE;FALSE;
MANU_MODE;device/status/MEQ0862221/2/MANU_MODE;Number;45050;Number;45076;FLOAT;°C;Number;0;
PARTY_MODE_SUBMIT;device/status/MEQ0862221/2/PARTY_MODE_SUBMIT;String;;String;;STRING;;String;;
PARTY_START_DAY;device/status/MEQ0862221/2/PARTY_START_DAY;Number;1;Number;31;INTEGER;day;Number;1;
PARTY_START_MONTH;device/status/MEQ0862221/2/PARTY_START_MONTH;Number;1;Number;12;INTEGER;month;Number;1;
PARTY_START_TIME;device/status/MEQ0862221/2/PARTY_START_TIME;Number;0;Number;1410;INTEGER;minutes;Number;0;
PARTY_START_YEAR;device/status/MEQ0862221/2/PARTY_START_YEAR;Number;0;Number;99;INTEGER;year;Number;0;
PARTY_STOP_DAY;device/status/MEQ0862221/2/PARTY_STOP_DAY;Number;1;Number;31;INTEGER;day;Number;1;
PARTY_STOP_MONTH;device/status/MEQ0862221/2/PARTY_STOP_MONTH;Number;1;Number;12;INTEGER;month;Number;1;
PARTY_STOP_TIME;device/status/MEQ0862221/2/PARTY_STOP_TIME;Number;0;Number;1410;INTEGER;minutes;Number;0;
PARTY_STOP_YEAR;device/status/MEQ0862221/2/PARTY_STOP_YEAR;Number;0;Number;99;INTEGER;year;Number;0;
PARTY_TEMPERATURE;device/status/MEQ0862221/2/PARTY_TEMPERATURE;Number;5;Number;30;FLOAT;°C;Number;5;
SET_TEMPERATURE;device/status/MEQ0862221/2/SET_TEMPERATURE;Number;45050;Number;45076;FLOAT;°C;Number;21;
WINDOW_OPEN_REPORTING;device/status/MEQ0862221/2/WINDOW_OPEN_REPORTING;FALSE;FALSE;TRUE;TRUE;BOOL;;FALSE;FALSE;
DECISION_VALUE;device/status/MEQ0862221/7/DECISION_VALUE;Number;0;Number;255;INTEGER;;Number;200;
AES_KEY;device/status/MEQ0862254/0/AES_KEY;Number;0;Number;127;INTEGER;;Number;0;
CONFIG_PENDING;device/status/MEQ0862254/0/CONFIG_PENDING;FALSE;FALSE;TRUE;TRUE;BOOL;;FALSE;FALSE;
DEVICE_IN_BOOTLOADER;device/status/MEQ0862254/0/DEVICE_IN_BOOTLOADER;FALSE;FALSE;TRUE;TRUE;BOOL;;FALSE;FALSE;
INHIBIT;device/status/MEQ0862254/0/INHIBIT;FALSE;FALSE;TRUE;TRUE;BOOL;;FALSE;FALSE;
LOWBAT;device/status/MEQ0862254/0/LOWBAT;FALSE;FALSE;TRUE;TRUE;BOOL;;FALSE;FALSE;
RSSI_DEVICE;device/status/MEQ0862254/0/RSSI_DEVICE;Number;-2147483648;Number;2147483647;INTEGER;;Number;1;
RSSI_PEER;device/status/MEQ0862254/0/RSSI_PEER;Number;-2147483648;Number;2147483647;INTEGER;;Number;194;
STICKY_UNREACH;device/status/MEQ0862254/0/STICKY_UNREACH;FALSE;FALSE;TRUE;TRUE;BOOL;;TRUE;TRUE;
UNREACH;device/status/MEQ0862254/0/UNREACH;FALSE;FALSE;TRUE;TRUE;BOOL;;FALSE;FALSE;
UPDATE_PENDING;device/status/MEQ0862254/0/UPDATE_PENDING;FALSE;FALSE;TRUE;TRUE;BOOL;;FALSE;FALSE;
HUMIDITY;device/status/MEQ0862254/1/HUMIDITY;Number;0;Number;99;INTEGER;%;Number;64;
TEMPERATURE;device/status/MEQ0862254/1/TEMPERATURE;Number;-10;Number;50;FLOAT;°C;Number;45042;
ACTUAL_HUMIDITY;device/status/MEQ0862254/2/ACTUAL_HUMIDITY;Number;0;Number;99;FLOAT;%;Number;64;
ACTUAL_TEMPERATURE;device/status/MEQ0862254/2/ACTUAL_TEMPERATURE;Number;-10;Number;50;FLOAT;°C;Number;45042;
AUTO_MODE;device/status/MEQ0862254/2/AUTO_MODE;FALSE;FALSE;TRUE;TRUE;ACTION;;FALSE;FALSE;
BATTERY_STATE;device/status/MEQ0862254/2/BATTERY_STATE;Number;45047;Number;45081;FLOAT;V;Number;45079;
BOOST_MODE;device/status/MEQ0862254/2/BOOST_MODE;FALSE;FALSE;TRUE;TRUE;ACTION;;FALSE;FALSE;
BOOST_STATE;device/status/MEQ0862254/2/BOOST_STATE;Number;0;Number;30;INTEGER;min;Number;0;
COMFORT_MODE;device/status/MEQ0862254/2/COMFORT_MODE;FALSE;FALSE;TRUE;TRUE;ACTION;;FALSE;FALSE;
COMMUNICATION_REPORTING;device/status/MEQ0862254/2/COMMUNICATION_REPORTING;FALSE;FALSE;TRUE;TRUE;BOOL;;FALSE;FALSE;
CONTROL_MODE;device/status/MEQ0862254/2/CONTROL_MODE;Number;0;Number;3;ENUM;;Number;0;
LOWBAT_REPORTING;device/status/MEQ0862254/2/LOWBAT_REPORTING;FALSE;FALSE;TRUE;TRUE;BOOL;;FALSE;FALSE;
LOWERING_MODE;device/status/MEQ0862254/2/LOWERING_MODE;FALSE;FALSE;TRUE;TRUE;ACTION;;FALSE;FALSE;
MANU_MODE;device/status/MEQ0862254/2/MANU_MODE;Number;45050;Number;45076;FLOAT;°C;Number;0;
PARTY_MODE_SUBMIT;device/status/MEQ0862254/2/PARTY_MODE_SUBMIT;String;;String;;STRING;;String;;
PARTY_START_DAY;device/status/MEQ0862254/2/PARTY_START_DAY;Number;1;Number;31;INTEGER;day;Number;1;
PARTY_START_MONTH;device/status/MEQ0862254/2/PARTY_START_MONTH;Number;1;Number;12;INTEGER;month;Number;1;
PARTY_START_TIME;device/status/MEQ0862254/2/PARTY_START_TIME;Number;0;Number;1410;INTEGER;minutes;Number;0;
PARTY_START_YEAR;device/status/MEQ0862254/2/PARTY_START_YEAR;Number;0;Number;99;INTEGER;year;Number;0;
PARTY_STOP_DAY;device/status/MEQ0862254/2/PARTY_STOP_DAY;Number;1;Number;31;INTEGER;day;Number;1;
PARTY_STOP_MONTH;device/status/MEQ0862254/2/PARTY_STOP_MONTH;Number;1;Number;12;INTEGER;month;Number;1;
PARTY_STOP_TIME;device/status/MEQ0862254/2/PARTY_STOP_TIME;Number;0;Number;1410;INTEGER;minutes;Number;0;
PARTY_STOP_YEAR;device/status/MEQ0862254/2/PARTY_STOP_YEAR;Number;0;Number;99;INTEGER;year;Number;0;
PARTY_TEMPERATURE;device/status/MEQ0862254/2/PARTY_TEMPERATURE;Number;5;Number;30;FLOAT;°C;Number;5;
SET_TEMPERATURE;device/status/MEQ0862254/2/SET_TEMPERATURE;Number;45050;Number;45076;FLOAT;°C;Number;21;
WINDOW_OPEN_REPORTING;device/status/MEQ0862254/2/WINDOW_OPEN_REPORTING;FALSE;FALSE;TRUE;TRUE;BOOL;;FALSE;FALSE;
DECISION_VALUE;device/status/MEQ0862254/7/DECISION_VALUE;Number;0;Number;255;INTEGER;;Number;0;
AES_KEY;device/status/MEQ0862548/0/AES_KEY;Number;0;Number;127;INTEGER;;Number;0;
CONFIG_PENDING;device/status/MEQ0862548/0/CONFIG_PENDING;FALSE;FALSE;TRUE;TRUE;BOOL;;FALSE;FALSE;
DEVICE_IN_BOOTLOADER;device/status/MEQ0862548/0/DEVICE_IN_BOOTLOADER;FALSE;FALSE;TRUE;TRUE;BOOL;;FALSE;FALSE;
INHIBIT;device/status/MEQ0862548/0/INHIBIT;FALSE;FALSE;TRUE;TRUE;BOOL;;FALSE;FALSE;
LOWBAT;device/status/MEQ0862548/0/LOWBAT;FALSE;FALSE;TRUE;TRUE;BOOL;;FALSE;FALSE;
RSSI_DEVICE;device/status/MEQ0862548/0/RSSI_DEVICE;Number;-2147483648;Number;2147483647;INTEGER;;Number;1;
RSSI_PEER;device/status/MEQ0862548/0/RSSI_PEER;Number;-2147483648;Number;2147483647;INTEGER;;Number;180;
STICKY_UNREACH;device/status/MEQ0862548/0/STICKY_UNREACH;FALSE;FALSE;TRUE;TRUE;BOOL;;TRUE;TRUE;
UNREACH;device/status/MEQ0862548/0/UNREACH;FALSE;FALSE;TRUE;TRUE;BOOL;;FALSE;FALSE;
UPDATE_PENDING;device/status/MEQ0862548/0/UPDATE_PENDING;FALSE;FALSE;TRUE;TRUE;BOOL;;FALSE;FALSE;
HUMIDITY;device/status/MEQ0862548/1/HUMIDITY;Number;0;Number;99;INTEGER;%;Number;68;
TEMPERATURE;device/status/MEQ0862548/1/TEMPERATURE;Number;-10;Number;50;FLOAT;°C;Number;45071;
ACTUAL_HUMIDITY;device/status/MEQ0862548/2/ACTUAL_HUMIDITY;Number;0;Number;99;FLOAT;%;Number;68;
ACTUAL_TEMPERATURE;device/status/MEQ0862548/2/ACTUAL_TEMPERATURE;Number;-10;Number;50;FLOAT;°C;Number;45071;
AUTO_MODE;device/status/MEQ0862548/2/AUTO_MODE;FALSE;FALSE;TRUE;TRUE;ACTION;;FALSE;FALSE;
BATTERY_STATE;device/status/MEQ0862548/2/BATTERY_STATE;Number;45047;Number;45081;FLOAT;V;Number;45048;
BOOST_MODE;device/status/MEQ0862548/2/BOOST_MODE;FALSE;FALSE;TRUE;TRUE;ACTION;;FALSE;FALSE;
BOOST_STATE;device/status/MEQ0862548/2/BOOST_STATE;Number;0;Number;30;INTEGER;min;Number;0;
COMFORT_MODE;device/status/MEQ0862548/2/COMFORT_MODE;FALSE;FALSE;TRUE;TRUE;ACTION;;FALSE;FALSE;
COMMUNICATION_REPORTING;device/status/MEQ0862548/2/COMMUNICATION_REPORTING;FALSE;FALSE;TRUE;TRUE;BOOL;;FALSE;FALSE;
CONTROL_MODE;device/status/MEQ0862548/2/CONTROL_MODE;Number;0;Number;3;ENUM;;Number;1;
LOWBAT_REPORTING;device/status/MEQ0862548/2/LOWBAT_REPORTING;FALSE;FALSE;TRUE;TRUE;BOOL;;FALSE;FALSE;
LOWERING_MODE;device/status/MEQ0862548/2/LOWERING_MODE;FALSE;FALSE;TRUE;TRUE;ACTION;;FALSE;FALSE;
MANU_MODE;device/status/MEQ0862548/2/MANU_MODE;Number;45050;Number;45076;FLOAT;°C;Number;0;
PARTY_MODE_SUBMIT;device/status/MEQ0862548/2/PARTY_MODE_SUBMIT;String;;String;;STRING;;String;;
PARTY_START_DAY;device/status/MEQ0862548/2/PARTY_START_DAY;Number;1;Number;31;INTEGER;day;Number;1;
PARTY_START_MONTH;device/status/MEQ0862548/2/PARTY_START_MONTH;Number;1;Number;12;INTEGER;month;Number;1;
PARTY_START_TIME;device/status/MEQ0862548/2/PARTY_START_TIME;Number;0;Number;1410;INTEGER;minutes;Number;0;
PARTY_START_YEAR;device/status/MEQ0862548/2/PARTY_START_YEAR;Number;0;Number;99;INTEGER;year;Number;0;
PARTY_STOP_DAY;device/status/MEQ0862548/2/PARTY_STOP_DAY;Number;1;Number;31;INTEGER;day;Number;1;
PARTY_STOP_MONTH;device/status/MEQ0862548/2/PARTY_STOP_MONTH;Number;1;Number;12;INTEGER;month;Number;1;
PARTY_STOP_TIME;device/status/MEQ0862548/2/PARTY_STOP_TIME;Number;0;Number;1410;INTEGER;minutes;Number;0;
PARTY_STOP_YEAR;device/status/MEQ0862548/2/PARTY_STOP_YEAR;Number;0;Number;99;INTEGER;year;Number;0;
PARTY_TEMPERATURE;device/status/MEQ0862548/2/PARTY_TEMPERATURE;Number;5;Number;30;FLOAT;°C;Number;5;
SET_TEMPERATURE;device/status/MEQ0862548/2/SET_TEMPERATURE;Number;45050;Number;45076;FLOAT;°C;Number;19;
WINDOW_OPEN_REPORTING;device/status/MEQ0862548/2/WINDOW_OPEN_REPORTING;FALSE;FALSE;TRUE;TRUE;BOOL;;FALSE;FALSE;
DECISION_VALUE;device/status/MEQ0862548/7/DECISION_VALUE;Number;0;Number;255;INTEGER;;Number;0;
AES_KEY;device/status/MEQ0863017/0/AES_KEY;Number;0;Number;127;INTEGER;;Number;0;
CONFIG_PENDING;device/status/MEQ0863017/0/CONFIG_PENDING;FALSE;FALSE;TRUE;TRUE;BOOL;;FALSE;FALSE;
DEVICE_IN_BOOTLOADER;device/status/MEQ0863017/0/DEVICE_IN_BOOTLOADER;FALSE;FALSE;TRUE;TRUE;BOOL;;FALSE;FALSE;
INHIBIT;device/status/MEQ0863017/0/INHIBIT;FALSE;FALSE;TRUE;TRUE;BOOL;;FALSE;FALSE;
LOWBAT;device/status/MEQ0863017/0/LOWBAT;FALSE;FALSE;TRUE;TRUE;BOOL;;FALSE;FALSE;
RSSI_DEVICE;device/status/MEQ0863017/0/RSSI_DEVICE;Number;-2147483648;Number;2147483647;INTEGER;;Number;1;
RSSI_PEER;device/status/MEQ0863017/0/RSSI_PEER;Number;-2147483648;Number;2147483647;INTEGER;;Number;180;
STICKY_UNREACH;device/status/MEQ0863017/0/STICKY_UNREACH;FALSE;FALSE;TRUE;TRUE;BOOL;;TRUE;TRUE;
UNREACH;device/status/MEQ0863017/0/UNREACH;FALSE;FALSE;TRUE;TRUE;BOOL;;FALSE;FALSE;
UPDATE_PENDING;device/status/MEQ0863017/0/UPDATE_PENDING;FALSE;FALSE;TRUE;TRUE;BOOL;;FALSE;FALSE;
HUMIDITY;device/status/MEQ0863017/1/HUMIDITY;Number;0;Number;99;INTEGER;%;Number;69;
TEMPERATURE;device/status/MEQ0863017/1/TEMPERATURE;Number;-10;Number;50;FLOAT;°C;Number;25;
ACTUAL_HUMIDITY;device/status/MEQ0863017/2/ACTUAL_HUMIDITY;Number;0;Number;99;FLOAT;%;Number;69;
ACTUAL_TEMPERATURE;device/status/MEQ0863017/2/ACTUAL_TEMPERATURE;Number;-10;Number;50;FLOAT;°C;Number;25;
AUTO_MODE;device/status/MEQ0863017/2/AUTO_MODE;FALSE;FALSE;TRUE;TRUE;ACTION;;FALSE;FALSE;
BATTERY_STATE;device/status/MEQ0863017/2/BATTERY_STATE;Number;45047;Number;45081;FLOAT;V;Number;45079;
BOOST_MODE;device/status/MEQ0863017/2/BOOST_MODE;FALSE;FALSE;TRUE;TRUE;ACTION;;FALSE;FALSE;
BOOST_STATE;device/status/MEQ0863017/2/BOOST_STATE;Number;0;Number;30;INTEGER;min;Number;0;
COMFORT_MODE;device/status/MEQ0863017/2/COMFORT_MODE;FALSE;FALSE;TRUE;TRUE;ACTION;;FALSE;FALSE;
COMMUNICATION_REPORTING;device/status/MEQ0863017/2/COMMUNICATION_REPORTING;FALSE;FALSE;TRUE;TRUE;BOOL;;FALSE;FALSE;
CONTROL_MODE;device/status/MEQ0863017/2/CONTROL_MODE;Number;0;Number;3;ENUM;;Number;0;
LOWBAT_REPORTING;device/status/MEQ0863017/2/LOWBAT_REPORTING;FALSE;FALSE;TRUE;TRUE;BOOL;;FALSE;FALSE;
LOWERING_MODE;device/status/MEQ0863017/2/LOWERING_MODE;FALSE;FALSE;TRUE;TRUE;ACTION;;FALSE;FALSE;
MANU_MODE;device/status/MEQ0863017/2/MANU_MODE;Number;45050;Number;45076;FLOAT;°C;Number;0;
PARTY_MODE_SUBMIT;device/status/MEQ0863017/2/PARTY_MODE_SUBMIT;String;;String;;STRING;;String;;
PARTY_START_DAY;device/status/MEQ0863017/2/PARTY_START_DAY;Number;1;Number;31;INTEGER;day;Number;1;
PARTY_START_MONTH;device/status/MEQ0863017/2/PARTY_START_MONTH;Number;1;Number;12;INTEGER;month;Number;1;
PARTY_START_TIME;device/status/MEQ0863017/2/PARTY_START_TIME;Number;0;Number;1410;INTEGER;minutes;Number;0;
PARTY_START_YEAR;device/status/MEQ0863017/2/PARTY_START_YEAR;Number;0;Number;99;INTEGER;year;Number;0;
PARTY_STOP_DAY;device/status/MEQ0863017/2/PARTY_STOP_DAY;Number;1;Number;31;INTEGER;day;Number;1;
PARTY_STOP_MONTH;device/status/MEQ0863017/2/PARTY_STOP_MONTH;Number;1;Number;12;INTEGER;month;Number;1;
PARTY_STOP_TIME;device/status/MEQ0863017/2/PARTY_STOP_TIME;Number;0;Number;1410;INTEGER;minutes;Number;0;
PARTY_STOP_YEAR;device/status/MEQ0863017/2/PARTY_STOP_YEAR;Number;0;Number;99;INTEGER;year;Number;0;
PARTY_TEMPERATURE;device/status/MEQ0863017/2/PARTY_TEMPERATURE;Number;5;Number;30;FLOAT;°C;Number;5;
SET_TEMPERATURE;device/status/MEQ0863017/2/SET_TEMPERATURE;Number;45050;Number;45076;FLOAT;°C;Number;21;
WINDOW_OPEN_REPORTING;device/status/MEQ0863017/2/WINDOW_OPEN_REPORTING;FALSE;FALSE;TRUE;TRUE;BOOL;;FALSE;FALSE;
DECISION_VALUE;device/status/MEQ0863017/7/DECISION_VALUE;Number;0;Number;255;INTEGER;;Number;0;
AES_KEY;device/status/MEQ0863092/0/AES_KEY;Number;0;Number;127;INTEGER;;Number;0;
CONFIG_PENDING;device/status/MEQ0863092/0/CONFIG_PENDING;FALSE;FALSE;TRUE;TRUE;BOOL;;FALSE;FALSE;
DEVICE_IN_BOOTLOADER;device/status/MEQ0863092/0/DEVICE_IN_BOOTLOADER;FALSE;FALSE;TRUE;TRUE;BOOL;;FALSE;FALSE;
INHIBIT;device/status/MEQ0863092/0/INHIBIT;FALSE;FALSE;TRUE;TRUE;BOOL;;FALSE;FALSE;
LOWBAT;device/status/MEQ0863092/0/LOWBAT;FALSE;FALSE;TRUE;TRUE;BOOL;;FALSE;FALSE;
RSSI_DEVICE;device/status/MEQ0863092/0/RSSI_DEVICE;Number;-2147483648;Number;2147483647;INTEGER;;Number;1;
RSSI_PEER;device/status/MEQ0863092/0/RSSI_PEER;Number;-2147483648;Number;2147483647;INTEGER;;Number;192;
STICKY_UNREACH;device/status/MEQ0863092/0/STICKY_UNREACH;FALSE;FALSE;TRUE;TRUE;BOOL;;TRUE;TRUE;
UNREACH;device/status/MEQ0863092/0/UNREACH;FALSE;FALSE;TRUE;TRUE;BOOL;;FALSE;FALSE;
UPDATE_PENDING;device/status/MEQ0863092/0/UPDATE_PENDING;FALSE;FALSE;TRUE;TRUE;BOOL;;FALSE;FALSE;
HUMIDITY;device/status/MEQ0863092/1/HUMIDITY;Number;0;Number;99;INTEGER;%;Number;72;
TEMPERATURE;device/status/MEQ0863092/1/TEMPERATURE;Number;-10;Number;50;FLOAT;°C;Number;45070;
ACTUAL_HUMIDITY;device/status/MEQ0863092/2/ACTUAL_HUMIDITY;Number;0;Number;99;FLOAT;%;Number;72;
ACTUAL_TEMPERATURE;device/status/MEQ0863092/2/ACTUAL_TEMPERATURE;Number;-10;Number;50;FLOAT;°C;Number;45070;
AUTO_MODE;device/status/MEQ0863092/2/AUTO_MODE;FALSE;FALSE;TRUE;TRUE;ACTION;;FALSE;FALSE;
BATTERY_STATE;device/status/MEQ0863092/2/BATTERY_STATE;Number;45047;Number;45081;FLOAT;V;Number;45079;
BOOST_MODE;device/status/MEQ0863092/2/BOOST_MODE;FALSE;FALSE;TRUE;TRUE;ACTION;;FALSE;FALSE;
BOOST_STATE;device/status/MEQ0863092/2/BOOST_STATE;Number;0;Number;30;INTEGER;min;Number;0;
COMFORT_MODE;device/status/MEQ0863092/2/COMFORT_MODE;FALSE;FALSE;TRUE;TRUE;ACTION;;FALSE;FALSE;
COMMUNICATION_REPORTING;device/status/MEQ0863092/2/COMMUNICATION_REPORTING;FALSE;FALSE;TRUE;TRUE;BOOL;;FALSE;FALSE;
CONTROL_MODE;device/status/MEQ0863092/2/CONTROL_MODE;Number;0;Number;3;ENUM;;Number;1;
LOWBAT_REPORTING;device/status/MEQ0863092/2/LOWBAT_REPORTING;FALSE;FALSE;TRUE;TRUE;BOOL;;FALSE;FALSE;
LOWERING_MODE;device/status/MEQ0863092/2/LOWERING_MODE;FALSE;FALSE;TRUE;TRUE;ACTION;;FALSE;FALSE;
MANU_MODE;device/status/MEQ0863092/2/MANU_MODE;Number;45050;Number;45076;FLOAT;°C;Number;0;
PARTY_MODE_SUBMIT;device/status/MEQ0863092/2/PARTY_MODE_SUBMIT;String;;String;;STRING;;String;;
PARTY_START_DAY;device/status/MEQ0863092/2/PARTY_START_DAY;Number;1;Number;31;INTEGER;day;Number;1;
PARTY_START_MONTH;device/status/MEQ0863092/2/PARTY_START_MONTH;Number;1;Number;12;INTEGER;month;Number;1;
PARTY_START_TIME;device/status/MEQ0863092/2/PARTY_START_TIME;Number;0;Number;1410;INTEGER;minutes;Number;0;
PARTY_START_YEAR;device/status/MEQ0863092/2/PARTY_START_YEAR;Number;0;Number;99;INTEGER;year;Number;0;
PARTY_STOP_DAY;device/status/MEQ0863092/2/PARTY_STOP_DAY;Number;1;Number;31;INTEGER;day;Number;1;
PARTY_STOP_MONTH;device/status/MEQ0863092/2/PARTY_STOP_MONTH;Number;1;Number;12;INTEGER;month;Number;1;
PARTY_STOP_TIME;device/status/MEQ0863092/2/PARTY_STOP_TIME;Number;0;Number;1410;INTEGER;minutes;Number;0;
PARTY_STOP_YEAR;device/status/MEQ0863092/2/PARTY_STOP_YEAR;Number;0;Number;99;INTEGER;year;Number;0;
PARTY_TEMPERATURE;device/status/MEQ0863092/2/PARTY_TEMPERATURE;Number;5;Number;30;FLOAT;°C;Number;5;
SET_TEMPERATURE;device/status/MEQ0863092/2/SET_TEMPERATURE;Number;45050;Number;45076;FLOAT;°C;Number;23;
WINDOW_OPEN_REPORTING;device/status/MEQ0863092/2/WINDOW_OPEN_REPORTING;FALSE;FALSE;TRUE;TRUE;BOOL;;FALSE;FALSE;
DECISION_VALUE;device/status/MEQ0863092/7/DECISION_VALUE;Number;0;Number;255;INTEGER;;Number;0;
AES_KEY;device/status/MEQ1004902/0/AES_KEY;Number;0;Number;127;INTEGER;;Number;0;
CONFIG_PENDING;device/status/MEQ1004902/0/CONFIG_PENDING;FALSE;FALSE;TRUE;TRUE;BOOL;;FALSE;FALSE;
DUTYCYCLE;device/status/MEQ1004902/0/DUTYCYCLE;FALSE;FALSE;TRUE;TRUE;BOOL;;FALSE;FALSE;
LOWBAT;device/status/MEQ1004902/0/LOWBAT;FALSE;FALSE;TRUE;TRUE;BOOL;;FALSE;FALSE;
RSSI_DEVICE;device/status/MEQ1004902/0/RSSI_DEVICE;Number;-2147483648;Number;2147483647;INTEGER;;Number;1;
RSSI_PEER;device/status/MEQ1004902/0/RSSI_PEER;Number;-2147483648;Number;2147483647;INTEGER;;Number;189;
STICKY_UNREACH;device/status/MEQ1004902/0/STICKY_UNREACH;FALSE;FALSE;TRUE;TRUE;BOOL;;FALSE;FALSE;
UNREACH;device/status/MEQ1004902/0/UNREACH;FALSE;FALSE;TRUE;TRUE;BOOL;;FALSE;FALSE;
INHIBIT;device/status/MEQ1004902/1/INHIBIT;FALSE;FALSE;TRUE;TRUE;BOOL;;FALSE;FALSE;
INSTALL_TEST;device/status/MEQ1004902/1/INSTALL_TEST;FALSE;FALSE;TRUE;TRUE;ACTION;;FALSE;FALSE;
ON_TIME;device/status/MEQ1004902/1/ON_TIME;Number;0;Number;85825945.6;FLOAT;s;Number;0;
STATE;device/status/MEQ1004902/1/STATE;FALSE;FALSE;TRUE;TRUE;BOOL;;FALSE;FALSE;
WORKING;device/status/MEQ1004902/1/WORKING;FALSE;FALSE;TRUE;TRUE;BOOL;;FALSE;FALSE;
INHIBIT;device/status/MEQ1004902/2/INHIBIT;FALSE;FALSE;TRUE;TRUE;BOOL;;FALSE;FALSE;
INSTALL_TEST;device/status/MEQ1004902/2/INSTALL_TEST;FALSE;FALSE;TRUE;TRUE;ACTION;;FALSE;FALSE;
ON_TIME;device/status/MEQ1004902/2/ON_TIME;Number;0;Number;85825945.6;FLOAT;s;Number;0;
STATE;device/status/MEQ1004902/2/STATE;FALSE;FALSE;TRUE;TRUE;BOOL;;FALSE;FALSE;
WORKING;device/status/MEQ1004902/2/WORKING;FALSE;FALSE;TRUE;TRUE;BOOL;;FALSE;FALSE;
INHIBIT;device/status/MEQ1004902/3/INHIBIT;FALSE;FALSE;TRUE;TRUE;BOOL;;FALSE;FALSE;
INSTALL_TEST;device/status/MEQ1004902/3/INSTALL_TEST;FALSE;FALSE;TRUE;TRUE;ACTION;;FALSE;FALSE;
ON_TIME;device/status/MEQ1004902/3/ON_TIME;Number;0;Number;85825945.6;FLOAT;s;Number;0;
STATE;device/status/MEQ1004902/3/STATE;FALSE;FALSE;TRUE;TRUE;BOOL;;FALSE;FALSE;
WORKING;device/status/MEQ1004902/3/WORKING;FALSE;FALSE;TRUE;TRUE;BOOL;;FALSE;FALSE;
INHIBIT;device/status/MEQ1004902/4/INHIBIT;FALSE;FALSE;TRUE;TRUE;BOOL;;FALSE;FALSE;
INSTALL_TEST;device/status/MEQ1004902/4/INSTALL_TEST;FALSE;FALSE;TRUE;TRUE;ACTION;;FALSE;FALSE;
ON_TIME;device/status/MEQ1004902/4/ON_TIME;Number;0;Number;85825945.6;FLOAT;s;Number;0;
STATE;device/status/MEQ1004902/4/STATE;FALSE;FALSE;TRUE;TRUE;BOOL;;FALSE;FALSE;
WORKING;device/status/MEQ1004902/4/WORKING;FALSE;FALSE;TRUE;TRUE;BOOL;;FALSE;FALSE;
AES_KEY;device/status/MEQ1004981/0/AES_KEY;Number;0;Number;127;INTEGER;;Number;0;
CONFIG_PENDING;device/status/MEQ1004981/0/CONFIG_PENDING;FALSE;FALSE;TRUE;TRUE;BOOL;;FALSE;FALSE;
DUTYCYCLE;device/status/MEQ1004981/0/DUTYCYCLE;FALSE;FALSE;TRUE;TRUE;BOOL;;FALSE;FALSE;
LOWBAT;device/status/MEQ1004981/0/LOWBAT;FALSE;FALSE;TRUE;TRUE;BOOL;;FALSE;FALSE;
RSSI_DEVICE;device/status/MEQ1004981/0/RSSI_DEVICE;Number;-2147483648;Number;2147483647;INTEGER;;Number;192;
RSSI_PEER;device/status/MEQ1004981/0/RSSI_PEER;Number;-2147483648;Number;2147483647;INTEGER;;Number;66;
STICKY_UNREACH;device/status/MEQ1004981/0/STICKY_UNREACH;FALSE;FALSE;TRUE;TRUE;BOOL;;TRUE;TRUE;
UNREACH;device/status/MEQ1004981/0/UNREACH;FALSE;FALSE;TRUE;TRUE;BOOL;;FALSE;FALSE;
INHIBIT;device/status/MEQ1004981/1/INHIBIT;FALSE;FALSE;TRUE;TRUE;BOOL;;FALSE;FALSE;
INSTALL_TEST;device/status/MEQ1004981/1/INSTALL_TEST;FALSE;FALSE;TRUE;TRUE;ACTION;;FALSE;FALSE;
ON_TIME;device/status/MEQ1004981/1/ON_TIME;Number;0;Number;85825945.6;FLOAT;s;Number;0;
STATE;device/status/MEQ1004981/1/STATE;FALSE;FALSE;TRUE;TRUE;BOOL;;FALSE;FALSE;
WORKING;device/status/MEQ1004981/1/WORKING;FALSE;FALSE;TRUE;TRUE;BOOL;;FALSE;FALSE;
INHIBIT;device/status/MEQ1004981/2/INHIBIT;FALSE;FALSE;TRUE;TRUE;BOOL;;FALSE;FALSE;
INSTALL_TEST;device/status/MEQ1004981/2/INSTALL_TEST;FALSE;FALSE;TRUE;TRUE;ACTION;;FALSE;FALSE;
ON_TIME;device/status/MEQ1004981/2/ON_TIME;Number;0;Number;85825945.6;FLOAT;s;Number;0;
STATE;device/status/MEQ1004981/2/STATE;FALSE;FALSE;TRUE;TRUE;BOOL;;FALSE;FALSE;
WORKING;device/status/MEQ1004981/2/WORKING;FALSE;FALSE;TRUE;TRUE;BOOL;;FALSE;FALSE;
INHIBIT;device/status/MEQ1004981/3/INHIBIT;FALSE;FALSE;TRUE;TRUE;BOOL;;FALSE;FALSE;
INSTALL_TEST;device/status/MEQ1004981/3/INSTALL_TEST;FALSE;FALSE;TRUE;TRUE;ACTION;;FALSE;FALSE;
ON_TIME;device/status/MEQ1004981/3/ON_TIME;Number;0;Number;85825945.6;FLOAT;s;Number;0;
STATE;device/status/MEQ1004981/3/STATE;FALSE;FALSE;TRUE;TRUE;BOOL;;FALSE;FALSE;
WORKING;device/status/MEQ1004981/3/WORKING;FALSE;FALSE;TRUE;TRUE;BOOL;;FALSE;FALSE;
INHIBIT;device/status/MEQ1004981/4/INHIBIT;FALSE;FALSE;TRUE;TRUE;BOOL;;FALSE;FALSE;
INSTALL_TEST;device/status/MEQ1004981/4/INSTALL_TEST;FALSE;FALSE;TRUE;TRUE;ACTION;;FALSE;FALSE;
ON_TIME;device/status/MEQ1004981/4/ON_TIME;Number;0;Number;85825945.6;FLOAT;s;Number;0;
STATE;device/status/MEQ1004981/4/STATE;FALSE;FALSE;TRUE;TRUE;BOOL;;TRUE;TRUE;
WORKING;device/status/MEQ1004981/4/WORKING;FALSE;FALSE;TRUE;TRUE;BOOL;;FALSE;FALSE;
AES_KEY;device/status/MEQ1103646/0/AES_KEY;Number;0;Number;127;INTEGER;;Number;0;
CONFIG_PENDING;device/status/MEQ1103646/0/CONFIG_PENDING;FALSE;FALSE;TRUE;TRUE;BOOL;;FALSE;FALSE;
DEVICE_IN_BOOTLOADER;device/status/MEQ1103646/0/DEVICE_IN_BOOTLOADER;FALSE;FALSE;TRUE;TRUE;BOOL;;FALSE;FALSE;
DUTYCYCLE;device/status/MEQ1103646/0/DUTYCYCLE;FALSE;FALSE;TRUE;TRUE;BOOL;;FALSE;FALSE;
RSSI_DEVICE;device/status/MEQ1103646/0/RSSI_DEVICE;Number;-2147483648;Number;2147483647;INTEGER;;Number;1;
RSSI_PEER;device/status/MEQ1103646/0/RSSI_PEER;Number;-2147483648;Number;2147483647;INTEGER;;Number;214;
STICKY_UNREACH;device/status/MEQ1103646/0/STICKY_UNREACH;FALSE;FALSE;TRUE;TRUE;BOOL;;FALSE;FALSE;
UNREACH;device/status/MEQ1103646/0/UNREACH;FALSE;FALSE;TRUE;TRUE;BOOL;;FALSE;FALSE;
UPDATE_PENDING;device/status/MEQ1103646/0/UPDATE_PENDING;FALSE;FALSE;TRUE;TRUE;BOOL;;FALSE;FALSE;
DIRECTION;device/status/MEQ1103646/1/DIRECTION;Number;0;Number;3;ENUM;;Number;0;
INHIBIT;device/status/MEQ1103646/1/INHIBIT;FALSE;FALSE;TRUE;TRUE;BOOL;;FALSE;FALSE;
INSTALL_TEST;device/status/MEQ1103646/1/INSTALL_TEST;FALSE;FALSE;TRUE;TRUE;ACTION;;FALSE;FALSE;
LEVEL;device/status/MEQ1103646/1/LEVEL;Number;0;Number;1;FLOAT;1;Number;1;
STOP;device/status/MEQ1103646/1/STOP;FALSE;FALSE;TRUE;TRUE;ACTION;;FALSE;FALSE;
WORKING;device/status/MEQ1103646/1/WORKING;FALSE;FALSE;TRUE;TRUE;BOOL;;FALSE;FALSE;
AES_KEY;device/status/MEQ1105295/0/AES_KEY;Number;0;Number;127;INTEGER;;Number;0;
CONFIG_PENDING;device/status/MEQ1105295/0/CONFIG_PENDING;FALSE;FALSE;TRUE;TRUE;BOOL;;FALSE;FALSE;
DEVICE_IN_BOOTLOADER;device/status/MEQ1105295/0/DEVICE_IN_BOOTLOADER;FALSE;FALSE;TRUE;TRUE;BOOL;;FALSE;FALSE;
DUTYCYCLE;device/status/MEQ1105295/0/DUTYCYCLE;FALSE;FALSE;TRUE;TRUE;BOOL;;FALSE;FALSE;
RSSI_DEVICE;device/status/MEQ1105295/0/RSSI_DEVICE;Number;-2147483648;Number;2147483647;INTEGER;;Number;1;
RSSI_PEER;device/status/MEQ1105295/0/RSSI_PEER;Number;-2147483648;Number;2147483647;INTEGER;;Number;190;
STICKY_UNREACH;device/status/MEQ1105295/0/STICKY_UNREACH;FALSE;FALSE;TRUE;TRUE;BOOL;;TRUE;TRUE;
UNREACH;device/status/MEQ1105295/0/UNREACH;FALSE;FALSE;TRUE;TRUE;BOOL;;FALSE;FALSE;
UPDATE_PENDING;device/status/MEQ1105295/0/UPDATE_PENDING;FALSE;FALSE;TRUE;TRUE;BOOL;;FALSE;FALSE;
DIRECTION;device/status/MEQ1105295/1/DIRECTION;Number;0;Number;3;ENUM;;Number;0;
INHIBIT;device/status/MEQ1105295/1/INHIBIT;FALSE;FALSE;TRUE;TRUE;BOOL;;FALSE;FALSE;
INSTALL_TEST;device/status/MEQ1105295/1/INSTALL_TEST;FALSE;FALSE;TRUE;TRUE;ACTION;;FALSE;FALSE;
LEVEL;device/status/MEQ1105295/1/LEVEL;Number;0;Number;1;FLOAT;1;Number;1;
STOP;device/status/MEQ1105295/1/STOP;FALSE;FALSE;TRUE;TRUE;ACTION;;FALSE;FALSE;
WORKING;device/status/MEQ1105295/1/WORKING;FALSE;FALSE;TRUE;TRUE;BOOL;;FALSE;FALSE;
AES_KEY;device/status/MEQ1105593/0/AES_KEY;Number;0;Number;127;INTEGER;;Number;0;
CONFIG_PENDING;device/status/MEQ1105593/0/CONFIG_PENDING;FALSE;FALSE;TRUE;TRUE;BOOL;;FALSE;FALSE;
DEVICE_IN_BOOTLOADER;device/status/MEQ1105593/0/DEVICE_IN_BOOTLOADER;FALSE;FALSE;TRUE;TRUE;BOOL;;FALSE;FALSE;
DUTYCYCLE;device/status/MEQ1105593/0/DUTYCYCLE;FALSE;FALSE;TRUE;TRUE;BOOL;;FALSE;FALSE;
RSSI_DEVICE;device/status/MEQ1105593/0/RSSI_DEVICE;Number;-2147483648;Number;2147483647;INTEGER;;Number;1;
RSSI_PEER;device/status/MEQ1105593/0/RSSI_PEER;Number;-2147483648;Number;2147483647;INTEGER;;Number;180;
STICKY_UNREACH;device/status/MEQ1105593/0/STICKY_UNREACH;FALSE;FALSE;TRUE;TRUE;BOOL;;TRUE;TRUE;
UNREACH;device/status/MEQ1105593/0/UNREACH;FALSE;FALSE;TRUE;TRUE;BOOL;;FALSE;FALSE;
UPDATE_PENDING;device/status/MEQ1105593/0/UPDATE_PENDING;FALSE;FALSE;TRUE;TRUE;BOOL;;FALSE;FALSE;
DIRECTION;device/status/MEQ1105593/1/DIRECTION;Number;0;Number;3;ENUM;;Number;0;
INHIBIT;device/status/MEQ1105593/1/INHIBIT;FALSE;FALSE;TRUE;TRUE;BOOL;;FALSE;FALSE;
INSTALL_TEST;device/status/MEQ1105593/1/INSTALL_TEST;FALSE;FALSE;TRUE;TRUE;ACTION;;FALSE;FALSE;
LEVEL;device/status/MEQ1105593/1/LEVEL;Number;0;Number;1;FLOAT;1;Number;0.07;
STOP;device/status/MEQ1105593/1/STOP;FALSE;FALSE;TRUE;TRUE;ACTION;;FALSE;FALSE;
WORKING;device/status/MEQ1105593/1/WORKING;FALSE;FALSE;TRUE;TRUE;BOOL;;FALSE;FALSE;
AES_KEY;device/status/MEQ1105637/0/AES_KEY;Number;0;Number;127;INTEGER;;Number;0;
CONFIG_PENDING;device/status/MEQ1105637/0/CONFIG_PENDING;FALSE;FALSE;TRUE;TRUE;BOOL;;FALSE;FALSE;
DEVICE_IN_BOOTLOADER;device/status/MEQ1105637/0/DEVICE_IN_BOOTLOADER;FALSE;FALSE;TRUE;TRUE;BOOL;;FALSE;FALSE;
DUTYCYCLE;device/status/MEQ1105637/0/DUTYCYCLE;FALSE;FALSE;TRUE;TRUE;BOOL;;FALSE;FALSE;
RSSI_DEVICE;device/status/MEQ1105637/0/RSSI_DEVICE;Number;-2147483648;Number;2147483647;INTEGER;;Number;1;
RSSI_PEER;device/status/MEQ1105637/0/RSSI_PEER;Number;-2147483648;Number;2147483647;INTEGER;;Number;215;
STICKY_UNREACH;device/status/MEQ1105637/0/STICKY_UNREACH;FALSE;FALSE;TRUE;TRUE;BOOL;;FALSE;FALSE;
UNREACH;device/status/MEQ1105637/0/UNREACH;FALSE;FALSE;TRUE;TRUE;BOOL;;FALSE;FALSE;
UPDATE_PENDING;device/status/MEQ1105637/0/UPDATE_PENDING;FALSE;FALSE;TRUE;TRUE;BOOL;;FALSE;FALSE;
DIRECTION;device/status/MEQ1105637/1/DIRECTION;Number;0;Number;3;ENUM;;Number;0;
INHIBIT;device/status/MEQ1105637/1/INHIBIT;FALSE;FALSE;TRUE;TRUE;BOOL;;FALSE;FALSE;
INSTALL_TEST;device/status/MEQ1105637/1/INSTALL_TEST;FALSE;FALSE;TRUE;TRUE;ACTION;;FALSE;FALSE;
LEVEL;device/status/MEQ1105637/1/LEVEL;Number;0;Number;1;FLOAT;1;Number;1;
STOP;device/status/MEQ1105637/1/STOP;FALSE;FALSE;TRUE;TRUE;ACTION;;FALSE;FALSE;
WORKING;device/status/MEQ1105637/1/WORKING;FALSE;FALSE;TRUE;TRUE;BOOL;;FALSE;FALSE;
AES_KEY;device/status/MEQ1105640/0/AES_KEY;Number;0;Number;127;INTEGER;;Number;0;
CONFIG_PENDING;device/status/MEQ1105640/0/CONFIG_PENDING;FALSE;FALSE;TRUE;TRUE;BOOL;;FALSE;FALSE;
DEVICE_IN_BOOTLOADER;device/status/MEQ1105640/0/DEVICE_IN_BOOTLOADER;FALSE;FALSE;TRUE;TRUE;BOOL;;FALSE;FALSE;
DUTYCYCLE;device/status/MEQ1105640/0/DUTYCYCLE;FALSE;FALSE;TRUE;TRUE;BOOL;;FALSE;FALSE;
RSSI_DEVICE;device/status/MEQ1105640/0/RSSI_DEVICE;Number;-2147483648;Number;2147483647;INTEGER;;Number;1;
RSSI_PEER;device/status/MEQ1105640/0/RSSI_PEER;Number;-2147483648;Number;2147483647;INTEGER;;Number;198;
STICKY_UNREACH;device/status/MEQ1105640/0/STICKY_UNREACH;FALSE;FALSE;TRUE;TRUE;BOOL;;FALSE;FALSE;
UNREACH;device/status/MEQ1105640/0/UNREACH;FALSE;FALSE;TRUE;TRUE;BOOL;;FALSE;FALSE;
UPDATE_PENDING;device/status/MEQ1105640/0/UPDATE_PENDING;FALSE;FALSE;TRUE;TRUE;BOOL;;FALSE;FALSE;
DIRECTION;device/status/MEQ1105640/1/DIRECTION;Number;0;Number;3;ENUM;;Number;0;
INHIBIT;device/status/MEQ1105640/1/INHIBIT;FALSE;FALSE;TRUE;TRUE;BOOL;;FALSE;FALSE;
INSTALL_TEST;device/status/MEQ1105640/1/INSTALL_TEST;FALSE;FALSE;TRUE;TRUE;ACTION;;FALSE;FALSE;
LEVEL;device/status/MEQ1105640/1/LEVEL;Number;0;Number;1;FLOAT;1;Number;1;
STOP;device/status/MEQ1105640/1/STOP;FALSE;FALSE;TRUE;TRUE;ACTION;;FALSE;FALSE;
WORKING;device/status/MEQ1105640/1/WORKING;FALSE;FALSE;TRUE;TRUE;BOOL;;FALSE;FALSE;
AES_KEY;device/status/MEQ1105725/0/AES_KEY;Number;0;Number;127;INTEGER;;Number;0;
CONFIG_PENDING;device/status/MEQ1105725/0/CONFIG_PENDING;FALSE;FALSE;TRUE;TRUE;BOOL;;FALSE;FALSE;
DEVICE_IN_BOOTLOADER;device/status/MEQ1105725/0/DEVICE_IN_BOOTLOADER;FALSE;FALSE;TRUE;TRUE;BOOL;;FALSE;FALSE;
DUTYCYCLE;device/status/MEQ1105725/0/DUTYCYCLE;FALSE;FALSE;TRUE;TRUE;BOOL;;FALSE;FALSE;
RSSI_DEVICE;device/status/MEQ1105725/0/RSSI_DEVICE;Number;-2147483648;Number;2147483647;INTEGER;;Number;1;
RSSI_PEER;device/status/MEQ1105725/0/RSSI_PEER;Number;-2147483648;Number;2147483647;INTEGER;;Number;179;
STICKY_UNREACH;device/status/MEQ1105725/0/STICKY_UNREACH;FALSE;FALSE;TRUE;TRUE;BOOL;;TRUE;TRUE;
UNREACH;device/status/MEQ1105725/0/UNREACH;FALSE;FALSE;TRUE;TRUE;BOOL;;FALSE;FALSE;
UPDATE_PENDING;device/status/MEQ1105725/0/UPDATE_PENDING;FALSE;FALSE;TRUE;TRUE;BOOL;;FALSE;FALSE;
DIRECTION;device/status/MEQ1105725/1/DIRECTION;Number;0;Number;3;ENUM;;Number;0;
INHIBIT;device/status/MEQ1105725/1/INHIBIT;FALSE;FALSE;TRUE;TRUE;BOOL;;FALSE;FALSE;
INSTALL_TEST;device/status/MEQ1105725/1/INSTALL_TEST;FALSE;FALSE;TRUE;TRUE;ACTION;;FALSE;FALSE;
LEVEL;device/status/MEQ1105725/1/LEVEL;Number;0;Number;1;FLOAT;1;Number;1;
STOP;device/status/MEQ1105725/1/STOP;FALSE;FALSE;TRUE;TRUE;ACTION;;FALSE;FALSE;
WORKING;device/status/MEQ1105725/1/WORKING;FALSE;FALSE;TRUE;TRUE;BOOL;;FALSE;FALSE;
AES_KEY;device/status/MEQ1105742/0/AES_KEY;Number;0;Number;127;INTEGER;;Number;0;
CONFIG_PENDING;device/status/MEQ1105742/0/CONFIG_PENDING;FALSE;FALSE;TRUE;TRUE;BOOL;;FALSE;FALSE;
DEVICE_IN_BOOTLOADER;device/status/MEQ1105742/0/DEVICE_IN_BOOTLOADER;FALSE;FALSE;TRUE;TRUE;BOOL;;FALSE;FALSE;
DUTYCYCLE;device/status/MEQ1105742/0/DUTYCYCLE;FALSE;FALSE;TRUE;TRUE;BOOL;;FALSE;FALSE;
RSSI_DEVICE;device/status/MEQ1105742/0/RSSI_DEVICE;Number;-2147483648;Number;2147483647;INTEGER;;Number;1;
RSSI_PEER;device/status/MEQ1105742/0/RSSI_PEER;Number;-2147483648;Number;2147483647;INTEGER;;Number;220;
STICKY_UNREACH;device/status/MEQ1105742/0/STICKY_UNREACH;FALSE;FALSE;TRUE;TRUE;BOOL;;FALSE;FALSE;
UNREACH;device/status/MEQ1105742/0/UNREACH;FALSE;FALSE;TRUE;TRUE;BOOL;;FALSE;FALSE;
UPDATE_PENDING;device/status/MEQ1105742/0/UPDATE_PENDING;FALSE;FALSE;TRUE;TRUE;BOOL;;FALSE;FALSE;
DIRECTION;device/status/MEQ1105742/1/DIRECTION;Number;0;Number;3;ENUM;;Number;0;
INHIBIT;device/status/MEQ1105742/1/INHIBIT;FALSE;FALSE;TRUE;TRUE;BOOL;;FALSE;FALSE;
INSTALL_TEST;device/status/MEQ1105742/1/INSTALL_TEST;FALSE;FALSE;TRUE;TRUE;ACTION;;FALSE;FALSE;
LEVEL;device/status/MEQ1105742/1/LEVEL;Number;0;Number;1;FLOAT;1;Number;1;
STOP;device/status/MEQ1105742/1/STOP;FALSE;FALSE;TRUE;TRUE;ACTION;;FALSE;FALSE;
WORKING;device/status/MEQ1105742/1/WORKING;FALSE;FALSE;TRUE;TRUE;BOOL;;FALSE;FALSE;
AES_KEY;device/status/MEQ1105752/0/AES_KEY;Number;0;Number;127;INTEGER;;Number;0;
CONFIG_PENDING;device/status/MEQ1105752/0/CONFIG_PENDING;FALSE;FALSE;TRUE;TRUE;BOOL;;FALSE;FALSE;
DEVICE_IN_BOOTLOADER;device/status/MEQ1105752/0/DEVICE_IN_BOOTLOADER;FALSE;FALSE;TRUE;TRUE;BOOL;;FALSE;FALSE;
DUTYCYCLE;device/status/MEQ1105752/0/DUTYCYCLE;FALSE;FALSE;TRUE;TRUE;BOOL;;FALSE;FALSE;
RSSI_DEVICE;device/status/MEQ1105752/0/RSSI_DEVICE;Number;-2147483648;Number;2147483647;INTEGER;;Number;1;
RSSI_PEER;device/status/MEQ1105752/0/RSSI_PEER;Number;-2147483648;Number;2147483647;INTEGER;;Number;193;
STICKY_UNREACH;device/status/MEQ1105752/0/STICKY_UNREACH;FALSE;FALSE;TRUE;TRUE;BOOL;;TRUE;TRUE;
UNREACH;device/status/MEQ1105752/0/UNREACH;FALSE;FALSE;TRUE;TRUE;BOOL;;FALSE;FALSE;
UPDATE_PENDING;device/status/MEQ1105752/0/UPDATE_PENDING;FALSE;FALSE;TRUE;TRUE;BOOL;;FALSE;FALSE;
DIRECTION;device/status/MEQ1105752/1/DIRECTION;Number;0;Number;3;ENUM;;Number;0;
INHIBIT;device/status/MEQ1105752/1/INHIBIT;FALSE;FALSE;TRUE;TRUE;BOOL;;FALSE;FALSE;
INSTALL_TEST;device/status/MEQ1105752/1/INSTALL_TEST;FALSE;FALSE;TRUE;TRUE;ACTION;;FALSE;FALSE;
LEVEL;device/status/MEQ1105752/1/LEVEL;Number;0;Number;1;FLOAT;1;Number;1;
STOP;device/status/MEQ1105752/1/STOP;FALSE;FALSE;TRUE;TRUE;ACTION;;FALSE;FALSE;
WORKING;device/status/MEQ1105752/1/WORKING;FALSE;FALSE;TRUE;TRUE;BOOL;;FALSE;FALSE;
AES_KEY;device/status/MEQ1105759/0/AES_KEY;Number;0;Number;127;INTEGER;;Number;0;
CONFIG_PENDING;device/status/MEQ1105759/0/CONFIG_PENDING;FALSE;FALSE;TRUE;TRUE;BOOL;;FALSE;FALSE;
DEVICE_IN_BOOTLOADER;device/status/MEQ1105759/0/DEVICE_IN_BOOTLOADER;FALSE;FALSE;TRUE;TRUE;BOOL;;FALSE;FALSE;
DUTYCYCLE;device/status/MEQ1105759/0/DUTYCYCLE;FALSE;FALSE;TRUE;TRUE;BOOL;;FALSE;FALSE;
RSSI_DEVICE;device/status/MEQ1105759/0/RSSI_DEVICE;Number;-2147483648;Number;2147483647;INTEGER;;Number;1;
RSSI_PEER;device/status/MEQ1105759/0/RSSI_PEER;Number;-2147483648;Number;2147483647;INTEGER;;Number;214;
STICKY_UNREACH;device/status/MEQ1105759/0/STICKY_UNREACH;FALSE;FALSE;TRUE;TRUE;BOOL;;FALSE;FALSE;
UNREACH;device/status/MEQ1105759/0/UNREACH;FALSE;FALSE;TRUE;TRUE;BOOL;;FALSE;FALSE;
UPDATE_PENDING;device/status/MEQ1105759/0/UPDATE_PENDING;FALSE;FALSE;TRUE;TRUE;BOOL;;FALSE;FALSE;
DIRECTION;device/status/MEQ1105759/1/DIRECTION;Number;0;Number;3;ENUM;;Number;0;
INHIBIT;device/status/MEQ1105759/1/INHIBIT;FALSE;FALSE;TRUE;TRUE;BOOL;;FALSE;FALSE;
INSTALL_TEST;device/status/MEQ1105759/1/INSTALL_TEST;FALSE;FALSE;TRUE;TRUE;ACTION;;FALSE;FALSE;
LEVEL;device/status/MEQ1105759/1/LEVEL;Number;0;Number;1;FLOAT;1;Number;1;
STOP;device/status/MEQ1105759/1/STOP;FALSE;FALSE;TRUE;TRUE;ACTION;;FALSE;FALSE;
WORKING;device/status/MEQ1105759/1/WORKING;FALSE;FALSE;TRUE;TRUE;BOOL;;FALSE;FALSE;
AES_KEY;device/status/MEQ1106296/0/AES_KEY;Number;0;Number;127;INTEGER;;Number;0;
CONFIG_PENDING;device/status/MEQ1106296/0/CONFIG_PENDING;FALSE;FALSE;TRUE;TRUE;BOOL;;FALSE;FALSE;
DEVICE_IN_BOOTLOADER;device/status/MEQ1106296/0/DEVICE_IN_BOOTLOADER;FALSE;FALSE;TRUE;TRUE;BOOL;;FALSE;FALSE;
DUTYCYCLE;device/status/MEQ1106296/0/DUTYCYCLE;FALSE;FALSE;TRUE;TRUE;BOOL;;FALSE;FALSE;
RSSI_DEVICE;device/status/MEQ1106296/0/RSSI_DEVICE;Number;-2147483648;Number;2147483647;INTEGER;;Number;1;
RSSI_PEER;device/status/MEQ1106296/0/RSSI_PEER;Number;-2147483648;Number;2147483647;INTEGER;;Number;187;
STICKY_UNREACH;device/status/MEQ1106296/0/STICKY_UNREACH;FALSE;FALSE;TRUE;TRUE;BOOL;;TRUE;TRUE;
UNREACH;device/status/MEQ1106296/0/UNREACH;FALSE;FALSE;TRUE;TRUE;BOOL;;FALSE;FALSE;
UPDATE_PENDING;device/status/MEQ1106296/0/UPDATE_PENDING;FALSE;FALSE;TRUE;TRUE;BOOL;;FALSE;FALSE;
DIRECTION;device/status/MEQ1106296/1/DIRECTION;Number;0;Number;3;ENUM;;Number;0;
INHIBIT;device/status/MEQ1106296/1/INHIBIT;FALSE;FALSE;TRUE;TRUE;BOOL;;FALSE;FALSE;
INSTALL_TEST;device/status/MEQ1106296/1/INSTALL_TEST;FALSE;FALSE;TRUE;TRUE;ACTION;;FALSE;FALSE;
LEVEL;device/status/MEQ1106296/1/LEVEL;Number;0;Number;1;FLOAT;1;Number;1;
STOP;device/status/MEQ1106296/1/STOP;FALSE;FALSE;TRUE;TRUE;ACTION;;FALSE;FALSE;
WORKING;device/status/MEQ1106296/1/WORKING;FALSE;FALSE;TRUE;TRUE;BOOL;;FALSE;FALSE;
AES_KEY;device/status/OEQ1721096/0/AES_KEY;Number;0;Number;127;INTEGER;;Number;0;
CONFIG_PENDING;device/status/OEQ1721096/0/CONFIG_PENDING;FALSE;FALSE;TRUE;TRUE;BOOL;;FALSE;FALSE;
DEVICE_IN_BOOTLOADER;device/status/OEQ1721096/0/DEVICE_IN_BOOTLOADER;FALSE;FALSE;TRUE;TRUE;BOOL;;FALSE;FALSE;
DUTYCYCLE;device/status/OEQ1721096/0/DUTYCYCLE;FALSE;FALSE;TRUE;TRUE;BOOL;;FALSE;FALSE;
RSSI_DEVICE;device/status/OEQ1721096/0/RSSI_DEVICE;Number;-2147483648;Number;2147483647;INTEGER;;Number;128;
RSSI_PEER;device/status/OEQ1721096/0/RSSI_PEER;Number;-2147483648;Number;2147483647;INTEGER;;Number;216;
STICKY_UNREACH;device/status/OEQ1721096/0/STICKY_UNREACH;FALSE;FALSE;TRUE;TRUE;BOOL;;FALSE;FALSE;
UNREACH;device/status/OEQ1721096/0/UNREACH;FALSE;FALSE;TRUE;TRUE;BOOL;;FALSE;FALSE;
UPDATE_PENDING;device/status/OEQ1721096/0/UPDATE_PENDING;FALSE;FALSE;TRUE;TRUE;BOOL;;FALSE;FALSE;
DIRECTION;device/status/OEQ1721096/1/DIRECTION;Number;0;Number;3;ENUM;;Number;0;
ERROR_OVERHEAT;device/status/OEQ1721096/1/ERROR_OVERHEAT;FALSE;FALSE;TRUE;TRUE;BOOL;;FALSE;FALSE;
ERROR_OVERLOAD;device/status/OEQ1721096/1/ERROR_OVERLOAD;FALSE;FALSE;TRUE;TRUE;BOOL;;FALSE;FALSE;
ERROR_REDUCED;device/status/OEQ1721096/1/ERROR_REDUCED;FALSE;FALSE;TRUE;TRUE;BOOL;;FALSE;FALSE;
INHIBIT;device/status/OEQ1721096/1/INHIBIT;FALSE;FALSE;TRUE;TRUE;BOOL;;FALSE;FALSE;
INSTALL_TEST;device/status/OEQ1721096/1/INSTALL_TEST;FALSE;FALSE;TRUE;TRUE;ACTION;;FALSE;FALSE;
LEVEL;device/status/OEQ1721096/1/LEVEL;Number;0;Number;1;FLOAT;1;Number;0;
LEVEL_REAL;device/status/OEQ1721096/1/LEVEL_REAL;Number;0;Number;1;FLOAT;1;Number;0;
OLD_LEVEL;device/status/OEQ1721096/1/OLD_LEVEL;FALSE;FALSE;TRUE;TRUE;ACTION;;FALSE;FALSE;
ON_TIME;device/status/OEQ1721096/1/ON_TIME;Number;0;Number;85825945.6;FLOAT;s;Number;0;
RAMP_STOP;device/status/OEQ1721096/1/RAMP_STOP;FALSE;FALSE;TRUE;TRUE;ACTION;;FALSE;FALSE;
RAMP_TIME;device/status/OEQ1721096/1/RAMP_TIME;Number;0;Number;85825945.6;FLOAT;s;Number;0;
WORKING;device/status/OEQ1721096/1/WORKING;FALSE;FALSE;TRUE;TRUE;BOOL;;FALSE;FALSE;
DIRECTION;device/status/OEQ1721096/2/DIRECTION;Number;0;Number;3;ENUM;;Number;0;
ERROR_OVERHEAT;device/status/OEQ1721096/2/ERROR_OVERHEAT;FALSE;FALSE;TRUE;TRUE;BOOL;;FALSE;FALSE;
ERROR_OVERLOAD;device/status/OEQ1721096/2/ERROR_OVERLOAD;FALSE;FALSE;TRUE;TRUE;BOOL;;FALSE;FALSE;
ERROR_REDUCED;device/status/OEQ1721096/2/ERROR_REDUCED;FALSE;FALSE;TRUE;TRUE;BOOL;;FALSE;FALSE;
INHIBIT;device/status/OEQ1721096/2/INHIBIT;FALSE;FALSE;TRUE;TRUE;BOOL;;FALSE;FALSE;
INSTALL_TEST;device/status/OEQ1721096/2/INSTALL_TEST;FALSE;FALSE;TRUE;TRUE;ACTION;;FALSE;FALSE;
LEVEL;device/status/OEQ1721096/2/LEVEL;Number;0;Number;1;FLOAT;1;Number;0;
LEVEL_REAL;device/status/OEQ1721096/2/LEVEL_REAL;Number;0;Number;1;FLOAT;1;Number;0;
OLD_LEVEL;device/status/OEQ1721096/2/OLD_LEVEL;FALSE;FALSE;TRUE;TRUE;ACTION;;FALSE;FALSE;
ON_TIME;device/status/OEQ1721096/2/ON_TIME;Number;0;Number;85825945.6;FLOAT;s;Number;0;
RAMP_STOP;device/status/OEQ1721096/2/RAMP_STOP;FALSE;FALSE;TRUE;TRUE;ACTION;;FALSE;FALSE;
RAMP_TIME;device/status/OEQ1721096/2/RAMP_TIME;Number;0;Number;85825945.6;FLOAT;s;Number;0;
WORKING;device/status/OEQ1721096/2/WORKING;FALSE;FALSE;TRUE;TRUE;BOOL;;FALSE;FALSE;
DIRECTION;device/status/OEQ1721096/3/DIRECTION;Number;0;Number;3;ENUM;;Number;0;
ERROR_OVERHEAT;device/status/OEQ1721096/3/ERROR_OVERHEAT;FALSE;FALSE;TRUE;TRUE;BOOL;;FALSE;FALSE;
ERROR_OVERLOAD;device/status/OEQ1721096/3/ERROR_OVERLOAD;FALSE;FALSE;TRUE;TRUE;BOOL;;FALSE;FALSE;
ERROR_REDUCED;device/status/OEQ1721096/3/ERROR_REDUCED;FALSE;FALSE;TRUE;TRUE;BOOL;;FALSE;FALSE;
INHIBIT;device/status/OEQ1721096/3/INHIBIT;FALSE;FALSE;TRUE;TRUE;BOOL;;FALSE;FALSE;
INSTALL_TEST;device/status/OEQ1721096/3/INSTALL_TEST;FALSE;FALSE;TRUE;TRUE;ACTION;;FALSE;FALSE;
LEVEL;device/status/OEQ1721096/3/LEVEL;Number;0;Number;1;FLOAT;1;Number;0;
LEVEL_REAL;device/status/OEQ1721096/3/LEVEL_REAL;Number;0;Number;1;FLOAT;1;Number;0;
OLD_LEVEL;device/status/OEQ1721096/3/OLD_LEVEL;FALSE;FALSE;TRUE;TRUE;ACTION;;FALSE;FALSE;
ON_TIME;device/status/OEQ1721096/3/ON_TIME;Number;0;Number;85825945.6;FLOAT;s;Number;0;
RAMP_STOP;device/status/OEQ1721096/3/RAMP_STOP;FALSE;FALSE;TRUE;TRUE;ACTION;;FALSE;FALSE;
RAMP_TIME;device/status/OEQ1721096/3/RAMP_TIME;Number;0;Number;85825945.6;FLOAT;s;Number;0;
WORKING;device/status/OEQ1721096/3/WORKING;FALSE;FALSE;TRUE;TRUE;BOOL;;FALSE;FALSE;
AES_KEY;device/status/PEQ1196564/0/AES_KEY;Number;0;Number;127;INTEGER;;Number;0;
CONFIG_PENDING;device/status/PEQ1196564/0/CONFIG_PENDING;FALSE;FALSE;TRUE;TRUE;BOOL;;FALSE;FALSE;
DEVICE_IN_BOOTLOADER;device/status/PEQ1196564/0/DEVICE_IN_BOOTLOADER;FALSE;FALSE;TRUE;TRUE;BOOL;;FALSE;FALSE;
DUTYCYCLE;device/status/PEQ1196564/0/DUTYCYCLE;FALSE;FALSE;TRUE;TRUE;BOOL;;FALSE;FALSE;
RSSI_DEVICE;device/status/PEQ1196564/0/RSSI_DEVICE;Number;-2147483648;Number;2147483647;INTEGER;;Number;128;
RSSI_PEER;device/status/PEQ1196564/0/RSSI_PEER;Number;-2147483648;Number;2147483647;INTEGER;;Number;217;
STICKY_UNREACH;device/status/PEQ1196564/0/STICKY_UNREACH;FALSE;FALSE;TRUE;TRUE;BOOL;;FALSE;FALSE;
UNREACH;device/status/PEQ1196564/0/UNREACH;FALSE;FALSE;TRUE;TRUE;BOOL;;FALSE;FALSE;
UPDATE_PENDING;device/status/PEQ1196564/0/UPDATE_PENDING;FALSE;FALSE;TRUE;TRUE;BOOL;;FALSE;FALSE;
DIRECTION;device/status/PEQ1196564/1/DIRECTION;Number;0;Number;3;ENUM;;Number;0;
ERROR_OVERHEAT;device/status/PEQ1196564/1/ERROR_OVERHEAT;FALSE;FALSE;TRUE;TRUE;BOOL;;FALSE;FALSE;
ERROR_OVERLOAD;device/status/PEQ1196564/1/ERROR_OVERLOAD;FALSE;FALSE;TRUE;TRUE;BOOL;;FALSE;FALSE;
ERROR_REDUCED;device/status/PEQ1196564/1/ERROR_REDUCED;FALSE;FALSE;TRUE;TRUE;BOOL;;FALSE;FALSE;
INHIBIT;device/status/PEQ1196564/1/INHIBIT;FALSE;FALSE;TRUE;TRUE;BOOL;;FALSE;FALSE;
INSTALL_TEST;device/status/PEQ1196564/1/INSTALL_TEST;FALSE;FALSE;TRUE;TRUE;ACTION;;FALSE;FALSE;
LEVEL;device/status/PEQ1196564/1/LEVEL;Number;0;Number;1;FLOAT;1;Number;0;
LEVEL_REAL;device/status/PEQ1196564/1/LEVEL_REAL;Number;0;Number;1;FLOAT;1;Number;0;
OLD_LEVEL;device/status/PEQ1196564/1/OLD_LEVEL;FALSE;FALSE;TRUE;TRUE;ACTION;;FALSE;FALSE;
ON_TIME;device/status/PEQ1196564/1/ON_TIME;Number;0;Number;85825945.6;FLOAT;s;Number;0;
RAMP_STOP;device/status/PEQ1196564/1/RAMP_STOP;FALSE;FALSE;TRUE;TRUE;ACTION;;FALSE;FALSE;
RAMP_TIME;device/status/PEQ1196564/1/RAMP_TIME;Number;0;Number;85825945.6;FLOAT;s;Number;0;
WORKING;device/status/PEQ1196564/1/WORKING;FALSE;FALSE;TRUE;TRUE;BOOL;;FALSE;FALSE;
DIRECTION;device/status/PEQ1196564/2/DIRECTION;Number;0;Number;3;ENUM;;Number;0;
ERROR_OVERHEAT;device/status/PEQ1196564/2/ERROR_OVERHEAT;FALSE;FALSE;TRUE;TRUE;BOOL;;FALSE;FALSE;
ERROR_OVERLOAD;device/status/PEQ1196564/2/ERROR_OVERLOAD;FALSE;FALSE;TRUE;TRUE;BOOL;;FALSE;FALSE;
ERROR_REDUCED;device/status/PEQ1196564/2/ERROR_REDUCED;FALSE;FALSE;TRUE;TRUE;BOOL;;FALSE;FALSE;
INHIBIT;device/status/PEQ1196564/2/INHIBIT;FALSE;FALSE;TRUE;TRUE;BOOL;;FALSE;FALSE;
INSTALL_TEST;device/status/PEQ1196564/2/INSTALL_TEST;FALSE;FALSE;TRUE;TRUE;ACTION;;FALSE;FALSE;
LEVEL;device/status/PEQ1196564/2/LEVEL;Number;0;Number;1;FLOAT;1;Number;0;
LEVEL_REAL;device/status/PEQ1196564/2/LEVEL_REAL;Number;0;Number;1;FLOAT;1;Number;0;
OLD_LEVEL;device/status/PEQ1196564/2/OLD_LEVEL;FALSE;FALSE;TRUE;TRUE;ACTION;;FALSE;FALSE;
ON_TIME;device/status/PEQ1196564/2/ON_TIME;Number;0;Number;85825945.6;FLOAT;s;Number;0;
RAMP_STOP;device/status/PEQ1196564/2/RAMP_STOP;FALSE;FALSE;TRUE;TRUE;ACTION;;FALSE;FALSE;
RAMP_TIME;device/status/PEQ1196564/2/RAMP_TIME;Number;0;Number;85825945.6;FLOAT;s;Number;0;
WORKING;device/status/PEQ1196564/2/WORKING;FALSE;FALSE;TRUE;TRUE;BOOL;;FALSE;FALSE;
DIRECTION;device/status/PEQ1196564/3/DIRECTION;Number;0;Number;3;ENUM;;Number;0;
ERROR_OVERHEAT;device/status/PEQ1196564/3/ERROR_OVERHEAT;FALSE;FALSE;TRUE;TRUE;BOOL;;FALSE;FALSE;
ERROR_OVERLOAD;device/status/PEQ1196564/3/ERROR_OVERLOAD;FALSE;FALSE;TRUE;TRUE;BOOL;;FALSE;FALSE;
ERROR_REDUCED;device/status/PEQ1196564/3/ERROR_REDUCED;FALSE;FALSE;TRUE;TRUE;BOOL;;FALSE;FALSE;
INHIBIT;device/status/PEQ1196564/3/INHIBIT;FALSE;FALSE;TRUE;TRUE;BOOL;;FALSE;FALSE;
INSTALL_TEST;device/status/PEQ1196564/3/INSTALL_TEST;FALSE;FALSE;TRUE;TRUE;ACTION;;FALSE;FALSE;
LEVEL;device/status/PEQ1196564/3/LEVEL;Number;0;Number;1;FLOAT;1;Number;0;
LEVEL_REAL;device/status/PEQ1196564/3/LEVEL_REAL;Number;0;Number;1;FLOAT;1;Number;0;
OLD_LEVEL;device/status/PEQ1196564/3/OLD_LEVEL;FALSE;FALSE;TRUE;TRUE;ACTION;;FALSE;FALSE;
ON_TIME;device/status/PEQ1196564/3/ON_TIME;Number;0;Number;85825945.6;FLOAT;s;Number;0;
RAMP_STOP;device/status/PEQ1196564/3/RAMP_STOP;FALSE;FALSE;TRUE;TRUE;ACTION;;FALSE;FALSE;
RAMP_TIME;device/status/PEQ1196564/3/RAMP_TIME;Number;0;Number;85825945.6;FLOAT;s;Number;0;
WORKING;device/status/PEQ1196564/3/WORKING;FALSE;FALSE;TRUE;TRUE;BOOL;;FALSE;FALSE;
AES_KEY;device/status/SEQ2762935/0/AES_KEY;Number;0;Number;127;INTEGER;;Number;0;
CONFIG_PENDING;device/status/SEQ2762935/0/CONFIG_PENDING;FALSE;FALSE;TRUE;TRUE;BOOL;;FALSE;FALSE;
DEVICE_IN_BOOTLOADER;device/status/SEQ2762935/0/DEVICE_IN_BOOTLOADER;FALSE;FALSE;TRUE;TRUE;BOOL;;FALSE;FALSE;
DUTYCYCLE;device/status/SEQ2762935/0/DUTYCYCLE;FALSE;FALSE;TRUE;TRUE;BOOL;;FALSE;FALSE;
LOWBAT;device/status/SEQ2762935/0/LOWBAT;FALSE;FALSE;TRUE;TRUE;BOOL;;FALSE;FALSE;
RSSI_DEVICE;device/status/SEQ2762935/0/RSSI_DEVICE;Number;-2147483648;Number;2147483647;INTEGER;;Number;1;
RSSI_PEER;device/status/SEQ2762935/0/RSSI_PEER;Number;-2147483648;Number;2147483647;INTEGER;;Number;188;
STICKY_UNREACH;device/status/SEQ2762935/0/STICKY_UNREACH;FALSE;FALSE;TRUE;TRUE;BOOL;;FALSE;FALSE;
UNREACH;device/status/SEQ2762935/0/UNREACH;FALSE;FALSE;TRUE;TRUE;BOOL;;FALSE;FALSE;
UPDATE_PENDING;device/status/SEQ2762935/0/UPDATE_PENDING;FALSE;FALSE;TRUE;TRUE;BOOL;;FALSE;FALSE;
INHIBIT;device/status/SEQ2762935/1/INHIBIT;FALSE;FALSE;TRUE;TRUE;BOOL;;FALSE;FALSE;
INSTALL_TEST;device/status/SEQ2762935/1/INSTALL_TEST;FALSE;FALSE;TRUE;TRUE;ACTION;;FALSE;FALSE;
ON_TIME;device/status/SEQ2762935/1/ON_TIME;Number;0;Number;85825945.6;FLOAT;s;Number;0;
STATE;device/status/SEQ2762935/1/STATE;FALSE;FALSE;TRUE;TRUE;BOOL;;FALSE;FALSE;
WORKING;device/status/SEQ2762935/1/WORKING;FALSE;FALSE;TRUE;TRUE;BOOL;;FALSE;FALSE;
INHIBIT;device/status/SEQ2762935/2/INHIBIT;FALSE;FALSE;TRUE;TRUE;BOOL;;FALSE;FALSE;
INSTALL_TEST;device/status/SEQ2762935/2/INSTALL_TEST;FALSE;FALSE;TRUE;TRUE;ACTION;;FALSE;FALSE;
ON_TIME;device/status/SEQ2762935/2/ON_TIME;Number;0;Number;85825945.6;FLOAT;s;Number;0;
STATE;device/status/SEQ2762935/2/STATE;FALSE;FALSE;TRUE;TRUE;BOOL;;TRUE;TRUE;
WORKING;device/status/SEQ2762935/2/WORKING;FALSE;FALSE;TRUE;TRUE;BOOL;;FALSE;FALSE;
INHIBIT;device/status/SEQ2762935/3/INHIBIT;FALSE;FALSE;TRUE;TRUE;BOOL;;FALSE;FALSE;
INSTALL_TEST;device/status/SEQ2762935/3/INSTALL_TEST;FALSE;FALSE;TRUE;TRUE;ACTION;;FALSE;FALSE;
ON_TIME;device/status/SEQ2762935/3/ON_TIME;Number;0;Number;85825945.6;FLOAT;s;Number;0;
STATE;device/status/SEQ2762935/3/STATE;FALSE;FALSE;TRUE;TRUE;BOOL;;FALSE;FALSE;
WORKING;device/status/SEQ2762935/3/WORKING;FALSE;FALSE;TRUE;TRUE;BOOL;;FALSE;FALSE;
INHIBIT;device/status/SEQ2762935/4/INHIBIT;FALSE;FALSE;TRUE;TRUE;BOOL;;FALSE;FALSE;
INSTALL_TEST;device/status/SEQ2762935/4/INSTALL_TEST;FALSE;FALSE;TRUE;TRUE;ACTION;;FALSE;FALSE;
ON_TIME;device/status/SEQ2762935/4/ON_TIME;Number;0;Number;85825945.6;FLOAT;s;Number;0;
STATE;device/status/SEQ2762935/4/STATE;FALSE;FALSE;TRUE;TRUE;BOOL;;FALSE;FALSE;
WORKING;device/status/SEQ2762935/4/WORKING;FALSE;FALSE;TRUE;TRUE;BOOL;;FALSE;FALSE;
